COLL_STOP,XE-131M,XE-133M,XE-133,XE-135,,
02/10/2007 17:25,0.088714929,-0.071752046,0.413723054,-0.015477869,,
03/10/2007 05:25,-0.049040802,-0.045660566,-0.016334599,0.216867021,,
03/10/2007 17:25,-0.036926831,0.085949868,-0.03631236,-0.091361336,,
04/10/2007 05:25,-0.034366806,0.046712132,-0.027052455,-0.056203763,,
05/10/2007 05:25,0.599229412,0.028632337,0.801756083,0.512524877,,
05/10/2007 17:25,0.135425879,0.015178402,0.085828838,-0.254405902,,
06/10/2007 05:25,-0.008491631,-0.020902188,-0.083180039,-0.031617742,,
06/10/2007 17:25,-0.051095147,-0.018535041,-0.48695354,-0.155683842,,
07/10/2007 05:25,-0.283198715,-0.011006717,-0.546909779,-0.209483906,,
07/10/2007 17:25,-0.221765438,0.00968612,0.008222863,0.054222585,,
08/10/2007 05:25,0.035863387,0.088052048,0.071645453,0.031879196,,
08/10/2007 17:25,0.063187678,0.152841541,-0.032260356,-0.003410676,,
09/10/2007 05:25,-0.024559508,0.064674265,0.131705613,0.179690291,,
09/10/2007 17:25,-0.051168588,-0.049175328,-0.026480727,0.127727761,,
10/10/2007 05:25,-0.058886077,-0.024140594,0.16752121,-0.062118522,,
10/10/2007 17:25,0.111269926,0.050612148,0.116696456,0.015132572,,
11/10/2007 05:25,0.030436481,-0.08586299,0.299780991,0.047920647,,
11/10/2007 17:25,0.011413738,-0.106572629,0.201511175,0.244816242,,
12/10/2007 05:25,-0.036004027,-0.034122463,0.138158149,-0.19600456,,
12/10/2007 17:25,0.05459793,-0.007395539,0.152515113,-0.156310825,,
13/10/2007 05:25,0.0410786,-0.049849384,0.261042624,-0.014186669,,
13/10/2007 17:25,0.014713997,0.079881387,0.165176271,0.059514362,,
14/10/2007 05:25,0.098003769,-0.070586033,0.340323909,-0.004034475,,
14/10/2007 17:25,-0.03410255,-0.004803744,0.234046909,0.165168959,,
15/10/2007 05:25,-0.057402513,-0.01191383,-0.001931911,0.045025676,,
15/10/2007 17:25,-0.005649947,-0.04170402,0.187921307,0.093082006,,
16/10/2007 05:25,0.045856003,0.015002561,0.168618031,-0.012076151,,
16/10/2007 17:25,0.017251041,-0.013469249,0.127975444,0.043884645,,
17/10/2007 05:25,0.12008784,-0.04708299,0.219345782,0.150026966,,
17/10/2007 17:25,0.175630417,0.024489597,0.110649033,-0.132720685,,
18/10/2007 05:25,0.007994156,-0.024642851,0.190976367,0.067375174,,
18/10/2007 17:25,0.052935458,0.069263617,0.194262151,0.011238137,,
19/10/2007 05:25,0.04232019,-0.012175339,0.191228792,0.015339341,,
19/10/2007 17:25,0.061776114,-0.034280795,0.255010022,0.015764882,,
20/10/2007 05:25,0.043116377,-0.01393594,0.221189582,-0.012975867,,
20/10/2007 17:25,0.044092373,0.072163229,0.121052088,0.114026061,,
21/10/2007 05:25,0.093807678,-0.027709469,0.13815357,-0.22043782,,
21/10/2007 17:25,0.0415933,-0.007116727,0.233095341,0.060412399,,
22/10/2007 05:25,0.143153732,0.035976735,0.26744486,0.085765576,,
22/10/2007 17:25,0.061890502,-0.028935451,0.245129373,0.116176899,,
23/10/2007 05:25,0.080260444,0.027510134,0.263658962,-0.12501032,,
24/10/2007 05:29,0.08510567,0.033058031,0.202831026,-0.029741581,,
25/10/2007 17:29,0.055010663,0.0312588,0.110853092,-0.025026453,,
26/10/2007 05:29,-0.047642976,-0.003946939,0.042108895,0.045689511,,
26/10/2007 17:29,0.043054739,0.010818281,0.060660456,0.24560353,,
27/10/2007 05:29,-0.053303394,0.068386193,-0.075136912,-0.013354616,,
27/10/2007 17:29,-0.0122074,-0.000692233,0.090494291,0.018303908,,
28/10/2007 05:29,0.05734785,0.038700561,0.095146161,0.078101827,,
28/10/2007 17:29,0.067220246,-0.017614985,0.070631734,0.021986943,,
29/10/2007 05:29,0.086393309,0.038610075,0.031891867,0.001613619,,
29/10/2007 17:29,0.030327076,0.004207188,0.068922198,0.07197245,,
30/10/2007 05:29,0.034350672,0.009949985,0.10529642,-0.261977805,,
30/10/2007 17:29,0.077841685,0.009597735,0.064135703,-0.055965244,,
31/10/2007 05:29,0.033138163,-0.007612197,0.165579457,-0.308370265,,
31/10/2007 17:29,0.027132028,0.011371403,0.109158673,0.191099328,,
01/11/2007 05:29,0.043604659,-0.019264953,0.160927482,-0.042961033,,
01/11/2007 17:29,0.01977051,-0.0314108,0.055512582,-0.134975579,,
02/11/2007 05:29,0.019599097,0.010708558,0.213238109,0.09516776,,
02/11/2007 17:29,-0.020036887,-0.024463887,0.161011537,0.014633534,,
07/11/2007 17:29,-0.041047717,-0.034072795,0.263279778,0.122267105,,
08/11/2007 05:29,-0.029369336,-0.008389776,0.229970435,0.118393333,,
08/11/2007 17:29,0.045654517,-0.004887036,0.185915071,-0.217985884,,
09/11/2007 05:29,0.057749024,0.040847545,0.089687801,-0.178216185,,
09/11/2007 17:29,0.008139012,0.018052928,0.178520727,-0.137783577,,
10/11/2007 05:29,0.043344598,0.005554834,0.167205343,-0.121423835,,
10/11/2007 17:29,0.164406406,0.002511521,0.130739058,-0.044239875,,
11/11/2007 05:29,0.098521925,-0.020068333,0.119090164,0.076629226,,
11/11/2007 17:29,0.060019287,0.012038361,0.213232022,0.139406316,,
12/11/2007 05:29,0.079186387,0.010799948,0.182391678,-0.020403054,,
12/11/2007 17:29,0.022809552,0.025526577,0.032084301,0.063250771,,
13/11/2007 05:29,0.055416503,-0.032699446,0.039553707,-0.020370787,,
13/11/2007 17:29,0.03854043,0.034875181,0.019890092,0.073262175,,
14/11/2007 05:29,-0.035458592,-0.009074602,0.065613935,0.186091305,,
14/11/2007 17:29,0.006530936,0.014763847,0.067845985,0.311301221,,
15/11/2007 05:29,0.047142443,0.042488248,-0.051979597,-0.121676365,,
15/11/2007 17:29,-0.002841794,0.009097957,0.048000532,0.157184495,,
16/11/2007 05:29,0.066611281,0.000430898,0.036040597,0.007615789,,
16/11/2007 17:29,0.069534135,0.005394893,0.062156704,0.015206338,,
17/11/2007 05:29,0.063034667,0.036074555,0.062302444,-0.072657705,,
17/11/2007 17:29,0.045710603,-0.001960324,0.01214045,-0.032937132,,
18/11/2007 05:29,0.033725117,0.037945266,0.029569272,-0.056070369,,
18/11/2007 17:29,0.032916821,0.003608921,0.173877821,0.07911483,,
19/11/2007 05:29,0.006563112,0.033563386,0.057657813,0.020796126,,
19/11/2007 17:29,0.014246434,-0.001130864,0.068178229,-0.030626189,,
20/11/2007 05:29,0.066440061,0.020899926,0.152415041,-0.068558745,,
20/11/2007 17:29,0.001985447,-0.031166459,0.094611752,-0.026740029,,
21/11/2007 17:29,0.015915407,-0.019043615,0.048697385,0.076969371,,
22/11/2007 05:29,0.048596854,0.016375908,0.12625708,0.0035861,,
22/11/2007 17:29,0.024547429,0.019831005,0.070193393,-0.332934363,,
23/11/2007 05:29,0.091233847,0.017295828,0.05903041,0.021426336,,
23/11/2007 17:29,0.020673729,0.020924873,0.123971876,0.097493848,,
24/11/2007 05:29,0.062407101,-0.009018053,0.045222966,-0.11120625,,
24/11/2007 17:29,0.080946492,0.025022922,-0.029977446,0.133282974,,
25/11/2007 05:29,0.065943943,0.012910264,0.081289517,0.052902776,,
25/11/2007 17:29,0.040896659,-0.001923547,0.042653072,0.130769885,,
26/11/2007 05:29,-0.012076309,-0.028503806,0.145883423,0.007518245,,
26/11/2007 17:29,-0.029352883,-0.031248577,0.027634201,-0.044999521,,
27/11/2007 05:29,0.068543731,-0.009721703,0.086209998,0.095177524,,
27/11/2007 17:29,0.03560576,-0.033226181,0.105644341,0.118499076,,
28/11/2007 05:29,0.034095149,-0.027947711,0.181891997,0.053084881,,
28/11/2007 17:29,0.032615105,-0.016662702,0.376396993,0.169270634,,
29/11/2007 17:29,0.062611569,-0.014395794,0.434972409,0.127758855,,
30/11/2007 05:29,0.037963899,0.026741011,0.496655615,-0.01045352,,
30/11/2007 17:29,0.004880134,-0.033915477,0.343613631,-0.224825407,,
01/12/2007 05:29,0.046452829,-0.017850155,0.390091271,0.083959609,,
01/12/2007 17:29,0.030463504,-0.002847206,0.245479485,0.065608458,,
02/12/2007 05:29,0.166013665,0.000784905,0.180782553,-0.103109512,,
02/12/2007 17:29,0.038209037,0.00576068,0.20789476,-0.040768205,,
03/12/2007 05:29,-0.021625955,-0.037642064,0.232704298,0.332417322,,
03/12/2007 17:29,0.010514419,-0.040142951,0.225733203,-0.011588555,,
04/12/2007 05:29,0.007827573,0.004487442,0.115521766,-0.183200469,,
04/12/2007 17:29,0.02086783,-0.002136945,0.193889911,0.068585426,,
05/12/2007 05:29,0.037246401,-0.034742777,0.163262213,0.05906993,,
05/12/2007 17:29,0.003970809,0.012157053,0.183773675,0.086645083,,
06/12/2007 05:29,0.10114477,-0.031998588,0.119019765,0.020005814,,
06/12/2007 17:29,0.018472433,-0.007548301,0.141996348,-0.015220594,,
07/12/2007 05:29,0.067182353,-0.002568041,-0.007458948,-0.186360944,,
07/12/2007 17:29,0.005911479,-0.011049631,0.173728916,0.245859379,,
08/12/2007 05:29,0.052900843,0.007970916,0.041577491,-0.003084336,,
08/12/2007 17:29,0.068912133,0.00124137,0.068357164,0.380470547,,
09/12/2007 05:29,0.046834786,0.003198591,0.062327486,0.014040702,,
09/12/2007 17:29,0.047829053,-0.013815965,0.100121857,-0.043219815,,
10/12/2007 05:29,0.146804854,0.014452456,-0.006354941,0.042557949,,
10/12/2007 17:29,0.014113141,-0.00287418,0.093559704,0.101621408,,
11/12/2007 05:29,0.048267856,0.003255977,0.056583825,-0.103825622,,
12/12/2007 06:08,0.036777165,-0.007051531,0.106968681,-0.044398336,,
12/12/2007 18:08,0.010567913,0.003221155,0.010337134,0.035128712,,
13/12/2007 06:08,0.044584312,0.028159476,0.012614437,-0.163524794,,
13/12/2007 18:08,0.017907779,-0.014460443,0.129042301,0.162486191,,
14/12/2007 06:08,0.006953687,-0.020438798,0.035854004,-0.0257822,,
14/12/2007 18:08,0.04345652,0.019890028,-0.089934947,-0.163343115,,
15/12/2007 06:08,0.044037398,-0.015340756,0.05161634,-0.019489108,,
15/12/2007 18:08,0.042852226,-0.02039492,-0.034786469,-0.123457361,,
16/12/2007 06:08,-0.001580564,-0.005302684,0.032234452,0.151715249,,
16/12/2007 18:08,-0.018653399,-0.017549652,-0.041194556,-0.117980366,,
17/12/2007 06:08,0.0770069,-0.007943906,0.042513932,0.026948174,,
17/12/2007 18:08,0.088867965,0.046573324,-0.031222172,0.137038977,,
18/12/2007 06:08,0.124287226,-0.003078974,0.012959047,-0.093155608,,
18/12/2007 18:08,-0.004064801,-0.015548191,0.030890116,0.122663012,,
19/12/2007 06:08,-0.002861539,-0.005513904,0.156887996,0.254613694,,
19/12/2007 18:08,0.024339855,0.002915871,0.13981438,-0.036584485,,
20/12/2007 06:08,0.04095765,0.028899247,0.077358962,0.083188075,,
21/12/2007 06:08,0.082151497,0.008805491,0.027258421,-0.002900255,,
21/12/2007 18:08,-0.019759076,0.002756078,0.137689838,0.155421357,,
22/12/2007 06:08,0.064419797,-0.032456565,0.116226172,0.122273245,,
22/12/2007 18:08,-0.014087231,-0.005752221,0.128914763,-0.137092665,,
23/12/2007 06:08,0.011026698,0.003543006,-0.036329345,-0.275080657,,
23/12/2007 18:08,0.005783117,-0.08581077,-0.181806345,0.534103859,,
24/12/2007 06:08,-0.024440966,-0.028666629,0.150486059,0.334236272,,
24/12/2007 18:08,0.034424394,0.009366543,0.091282507,-0.098275306,,
25/12/2007 06:08,-0.004820223,0.034865907,0.182427151,-0.142572158,,
26/12/2007 06:08,0.036831618,0.022532629,0.095030227,-0.181180584,,
26/12/2007 18:08,0.026966992,-0.033677044,0.05183749,0.126357242,,
27/12/2007 06:08,0.082443785,-0.00321837,0.086892383,-0.031329006,,
27/12/2007 18:08,0.04176528,-0.011840043,0.06089446,0.204648333,,
28/12/2007 06:08,0.089926991,0.016206858,0.032087764,-0.056279005,,
28/12/2007 18:08,0.045791625,-0.005642195,0.033240133,-0.086107201,,
29/12/2007 06:08,-0.006084014,-0.041702394,0.179246677,-0.184107976,,
29/12/2007 18:08,-0.02700181,-0.039533152,0.216315672,0.102660911,,
30/12/2007 06:08,0.015118448,0.011661729,0.102734155,-0.148437281,,
30/12/2007 18:08,0.038238168,0.024230193,0.063102497,-0.122765567,,
31/12/2007 06:08,0.011510789,-0.023495571,0.167823542,0.026232395,,
31/12/2007 18:08,0.027586091,0.000628217,0.221611233,0.02604495,,
01/01/2008 06:08,0.022716935,0.021502292,0.243111784,-0.05249188,,
01/01/2008 18:08,-0.021040089,-0.028706426,0.151418243,0.049340998,,
02/01/2008 06:08,-0.015942301,-0.029923817,0.447266688,0.299620004,,
02/01/2008 18:08,0.027093357,0.070864479,0.484368934,0.005375515,,
03/01/2008 06:08,0.007937364,-0.048157417,0.694841513,0.316583829,,
04/01/2008 18:08,0.039735012,-0.051418199,0.446540022,-0.090758207,,
05/01/2008 06:08,0.168280539,-0.00214526,0.430459115,0.003720178,,
05/01/2008 18:08,0.0855282,-0.003698361,0.537983687,0.066716999,,
06/01/2008 06:08,0.113841513,0.066962277,0.446992989,-0.15731588,,
06/01/2008 18:08,0.060489336,0.002012606,0.202402256,-0.030571103,,
07/01/2008 06:08,0.207493595,0.018143323,0.216327714,0.001697131,,
07/01/2008 18:08,0.085635227,-0.01470298,0.134829212,0.349381436,,
08/01/2008 06:08,0.125208687,0.006258138,0.155970969,0.111568625,,
08/01/2008 18:08,0.08713871,0.0381081,0.046798891,0.021736531,,
09/01/2008 06:08,0.055634316,-0.030663677,0.122328892,0.189787133,,
09/01/2008 18:04,0.022965233,0.020043143,0.05684903,0.047493862,,
10/01/2008 06:04,0.046678231,0.031016204,0.126761892,-0.151072008,,
10/01/2008 18:04,0.027986899,-0.008945244,0.184133842,-0.249085615,,
11/01/2008 06:04,0.038357055,-0.005303748,0.193386398,0.018520815,,
11/01/2008 18:04,0.02583437,0.017585826,0.105359226,-0.044620662,,
12/01/2008 06:04,0.034235063,-0.006108528,0.126175812,0.139004367,,
12/01/2008 18:04,0.049728854,-0.013409845,0.014883977,0.133323128,,
13/01/2008 06:04,-0.034576596,0.004886215,0.145444212,-0.076113694,,
13/01/2008 18:04,0.006393027,-0.022455102,0.208253114,0.080138305,,
14/01/2008 18:04,0.013592706,0.025510056,0.165688632,0.049167199,,
15/01/2008 06:04,-0.002271354,-0.020290121,0.107242646,-0.14796962,,
15/01/2008 18:04,0.006607348,0.014645521,0.120324987,-0.007620562,,
16/01/2008 06:04,0.003698805,-0.01003105,0.134417861,0.250321946,,
16/01/2008 18:04,0.018626324,0.006699615,0.017114677,-0.085155705,,
17/01/2008 06:04,0.065129278,0.030481014,0.120096922,-0.297341873,,
17/01/2008 18:04,0.045787657,0.010390228,0.056089216,0.203333066,,
18/01/2008 06:04,0.154759775,0.011135806,0.118105368,0.067195263,,
18/01/2008 18:04,0.036148391,0.009418809,0.092346867,0.257174754,,
19/01/2008 06:04,0.041647024,-0.026884812,0.173599304,0.316500107,,
19/01/2008 18:04,0.059834215,-0.025976237,0.133565515,0.019187688,,
20/01/2008 06:04,0.154178991,-0.009351332,0.047878172,-0.142214512,,
20/01/2008 18:04,0.02714541,-0.037731641,0.052321459,0.068981695,,
21/01/2008 06:04,0.059744082,0.002496307,0.070387401,0.015504404,,
21/01/2008 18:04,0.043227198,0.015844432,0.05322533,0.115104781,,
22/01/2008 06:04,0.068299977,0.033954654,-0.057851552,-0.185854709,,
22/01/2008 18:04,0.058251496,-0.027161568,0.072884475,-0.11571265,,
23/01/2008 06:04,0.039725232,0.007147203,0.076132012,0.295762786,,
23/01/2008 18:04,-0.000431093,0.001370173,-0.021940218,0.024707204,,
24/01/2008 06:04,-0.008336718,0.014532054,0.061346798,0.056825071,,
24/01/2008 18:04,0.034564035,0.051481222,0.057113273,0.083302693,,
25/01/2008 06:04,0.016895406,0.034547733,0.038914123,-0.0189194,,
25/01/2008 18:04,0.022549727,-0.013724703,0.037775618,-0.067867957,,
26/01/2008 06:04,-0.026442734,-0.035056327,0.006394602,-0.085418974,,
26/01/2008 18:04,0.030983738,-0.006234391,0.021124197,0.085240945,,
27/01/2008 06:04,0.018901487,-0.018783226,0.073915995,-0.029240392,,
27/01/2008 18:04,0.046042349,-0.029417181,-0.050817249,0.364116014,,
28/01/2008 06:04,0.18986897,0.013701319,0.028316204,0.070220783,,
28/01/2008 18:04,0.014920075,-0.022274304,0.050361486,0.092480171,,
29/01/2008 06:04,0.198475386,0.018996252,0.08808317,0.236739154,,
29/01/2008 18:04,0.040132395,0.007159613,0.127476146,0.129053898,,
30/01/2008 06:04,0.067461646,0.046343957,0.066370181,-0.116847598,,
30/01/2008 18:04,-0.015658054,-0.04076138,0.070674015,0.125903312,,
31/01/2008 06:04,0.015950014,0.005606451,0.168945487,0.081984471,,
31/01/2008 18:04,0.023087567,0.03290266,0.119119286,-0.038790729,,
01/02/2008 06:04,0.061931096,0.013062885,0.152867873,-0.013413895,,
01/02/2008 18:04,0.01467486,0.049591775,0.062218145,-0.06207383,,
02/02/2008 06:04,0.077239873,0.01946835,0.136412718,0.132231069,,
03/02/2008 06:04,0.053618998,-0.037320645,0.242549312,0.04845723,,
03/02/2008 18:04,0.057721803,0.073701205,0.086916915,0.114419148,,
04/02/2008 06:04,0.037860608,0.005644422,0.15626904,0.020613854,,
04/02/2008 18:04,0.03834789,0.061000337,0.081779428,0.014095003,,
05/02/2008 18:04,0.00600463,-0.019396845,0.121205961,0.121376227,,
06/02/2008 06:04,0.018335566,0.023409857,0.166064076,0.053191352,,
06/02/2008 18:04,0.040414236,-0.066758079,0.190399261,0.103467034,,
07/02/2008 06:04,-0.005961166,0.004503492,0.108769227,0.123933488,,
07/02/2008 18:04,0.016901364,-0.019397747,0.043307422,0.108346598,,
08/02/2008 06:04,0.018951176,-0.005564985,0.136223113,-0.018249248,,
08/02/2008 18:04,-0.013512924,0.008931595,0.129979617,-0.086719192,,
09/02/2008 06:04,0.006498123,-0.013016565,0.100531537,0.248723312,,
09/02/2008 18:04,0.022422549,0.002480345,0.039128545,0.004747986,,
10/02/2008 06:04,0.007306709,0.02829321,0.123835095,-0.064660005,,
10/02/2008 18:04,0.007872022,0.015988458,0.073574473,0.066023116,,
11/02/2008 06:04,0.04199805,0.005103481,0.113989136,0.052238494,,
23/02/2008 06:07,0.032429601,0.078973701,1.089156221,-0.279902589,,
23/02/2008 18:07,0.086367292,0.048122778,3.053301387,0.12135536,,
24/02/2008 06:07,0.071229309,0.040368737,0.486490052,-0.243206522,,
24/02/2008 18:07,-0.008621268,0.483788743,16.85805262,0.949129885,,
25/02/2008 06:07,0.054534788,0.282945834,16.28202102,0.626783223,,
25/02/2008 18:07,0.008505317,-0.056508832,1.062515484,0.129252249,,
26/02/2008 06:07,0.044985177,-0.00223355,0.920548503,0.082083164,,
26/02/2008 18:07,-0.03457304,0.03485455,0.191316731,0.004361036,,
27/02/2008 06:07,0.01173272,0.010818361,0.218585977,0.086354601,,
27/02/2008 18:07,0.042167721,-0.036295229,0.218193197,-0.185126777,,
28/02/2008 06:07,0.016022379,0.008634904,0.092660818,-0.061279105,,
28/02/2008 18:07,0.046045626,-0.002223443,0.209442257,0.223407745,,
29/02/2008 06:07,0.12187424,0.00587697,0.231896153,0.092845978,,
29/02/2008 19:11,0.043321152,-0.024716061,0.47254756,4.582499302,,
01/03/2008 07:11,-0.072898988,-0.079845685,0.360365733,0.975799296,,
04/03/2008 07:11,0.113944904,-0.012680419,0.386052033,-0.137320019,,
04/03/2008 19:11,0.011427477,-0.007827818,0.442498927,-0.127577892,,
05/03/2008 07:11,0.203968324,-0.04688228,3.891106072,0.227088396,,
05/03/2008 19:11,-0.014777824,-0.00466318,0.921372689,0.230870725,,
06/03/2008 07:11,0.088049001,0.097609455,2.00799791,0.055151094,,
06/03/2008 19:11,-2.08002E-05,0.121220687,2.247897146,0.277098084,,
07/03/2008 07:11,-0.020129119,0.024786239,2.885479512,-0.218292976,,
07/03/2008 19:11,0.06638416,0.024607712,1.043179658,0.017079014,,
08/03/2008 07:11,-0.037414758,-0.047613544,1.465613277,0.190617646,,
08/03/2008 19:11,0.038218242,0.034679436,0.566589983,-0.036481042,,
09/03/2008 07:11,0.183461189,0.081092909,0.219462695,-0.057896851,,
09/03/2008 19:11,0.269018159,-0.031281796,0.649971557,0.040017937,,
10/03/2008 07:11,0.08217497,0.002281768,5.518897774,0.221776503,,
10/03/2008 19:11,0.11281162,0.081131735,2.726285843,-0.164835481,,
11/03/2008 07:11,0.073016514,0.0345186,0.414917987,-0.150126682,,
11/03/2008 19:11,0.070763205,0.053935646,0.735452406,-0.206508509,,
13/03/2008 07:11,0.096952018,0.037815933,0.842471487,-0.015214956,,
13/03/2008 19:11,-0.007604442,0.112744165,1.632411531,0.148658294,,
14/03/2008 07:11,0.078359996,-0.003859248,0.681638634,0.193183606,,
14/03/2008 19:11,0.04966091,0.019165167,0.417974585,0.075483114,,
15/03/2008 07:11,-0.00539015,-0.021009628,0.147413718,-0.194049543,,
15/03/2008 19:11,0.004811594,-0.036362425,0.169074397,0.018599045,,
16/03/2008 07:11,-0.073775228,0.001550436,1.41711587,0.037125913,,
16/03/2008 19:11,-0.038222225,0.016956684,0.34819129,0.08607554,,
17/03/2008 07:11,0.01052515,0.034572405,0.191624662,0.194651479,,
17/03/2008 19:11,-0.026764633,0.018116338,0.163118022,0.014714738,,
18/03/2008 07:11,0.011127486,0.021914019,0.141247183,-0.089929988,,
18/03/2008 19:11,0.021435875,-0.061884589,0.080641353,0.143190596,,
19/03/2008 07:11,0.075202019,0.037480513,0.559353345,0.177244698,,
19/03/2008 19:11,0.025074229,-0.013068375,0.447489235,0.000784491,,
20/03/2008 07:11,0.100605521,0.066324183,0.21930531,-0.146223029,,
22/03/2008 07:11,0.119776106,0.13451558,6.585116769,0.837876729,,
22/03/2008 19:11,0.015578437,-0.014124018,1.06038868,0.092868073,,
23/03/2008 07:11,-0.022443497,-0.006348131,0.101226159,-0.099629225,,
23/03/2008 19:11,0.053212482,-0.017394211,0.174930253,-0.114256499,,
24/03/2008 07:11,0.151238906,-0.01473503,0.225994824,0.01919072,,
24/03/2008 19:11,0.054498027,-0.01082601,0.555074788,-0.023238199,,
25/03/2008 07:11,0.061573655,-0.00777908,7.563174164,0.29937977,,
25/03/2008 19:11,-0.036214641,0.078654526,2.02719666,-0.054615072,,
26/03/2008 07:11,0.024280781,-0.086558997,1.049612927,0.058597686,,
26/03/2008 19:11,0.049396839,-0.056068971,0.518657454,-0.197289827,,
27/03/2008 07:11,0.08998733,-0.022009782,0.896156301,0.304520924,,
27/03/2008 19:11,-0.025371071,0.075886275,1.491540282,0.114644913,,
28/03/2008 07:11,-0.033241817,0.039113283,3.498567292,-0.205300869,,
28/03/2008 19:11,-0.034770318,0.001558163,0.239834761,0.064080389,,
29/03/2008 07:11,0.088973392,-0.07736563,0.298999552,-0.005969637,,
29/03/2008 19:11,-0.026752158,-0.013865406,0.149242126,0.13113025,,
30/03/2008 07:11,0.021552332,-0.002762173,0.163909501,0.120589494,,
30/03/2008 19:11,0.021453583,0.010588574,0.136841431,0.175844323,,
31/03/2008 07:11,0.05402426,-0.034757463,0.233168375,0.007574108,,
31/03/2008 19:11,0.164993837,0.038964078,0.098874527,-0.183684717,,
01/04/2008 07:11,0.060190487,0.018052411,0.267747977,-0.325967906,,
01/04/2008 19:11,0.039439254,0.015273962,0.225791083,0.046730478,,
02/04/2008 07:11,0.052692692,-0.035821983,0.118384729,-0.296482739,,
02/04/2008 19:11,0.080266106,0.045609428,0.210254367,0.025567818,,
03/04/2008 07:11,0.024463095,-0.021157644,0.219569447,0.068745412,,
03/04/2008 19:11,0.02307732,-0.030975803,0.275547117,0.233944271,,
04/04/2008 07:11,0.080364958,0.091186517,0.52910459,0.027439112,,
04/04/2008 19:11,0.036976331,-0.016170216,0.214515994,-0.092643912,,
05/04/2008 07:11,0.026279077,-0.013948619,0.413700081,0.167723839,,
05/04/2008 19:11,0.015095867,0.010520126,0.096877819,0.066529836,,
06/04/2008 07:11,0.003758042,-0.001648661,0.140779154,-0.031686773,,
06/04/2008 19:11,0.018236686,-0.005050323,-0.033878391,0.008738991,,
07/04/2008 07:11,0.015073871,0.006232173,-0.002464882,-0.220333733,,
07/04/2008 19:11,0.010921586,0.034533691,0.045197611,-0.096469751,,
08/04/2008 07:11,0.017373121,0.03217552,0.011388687,0.007348357,,
08/04/2008 19:11,-0.012265487,0.007205746,-0.023958222,0.062477852,,
09/04/2008 07:11,-0.016628507,-0.008842317,0.00655451,0.020516375,,
09/04/2008 19:11,0.010246966,0.002474271,-0.028342723,0.158514023,,
10/04/2008 07:11,0.01423822,0.014997147,0.002926182,-0.085263463,,
10/04/2008 19:11,0.018431327,0.038338014,0.026051519,0.212707307,,
11/04/2008 07:11,0.027796791,-0.009657421,-0.078466196,-0.176404322,,
11/04/2008 19:11,0.022938729,-0.00188882,0.065184351,0.056158831,,
12/04/2008 07:11,0.069581283,0.018427597,0.120050397,0.037499511,,
12/04/2008 19:11,0.03527061,0.001971889,-0.038731298,-0.194084987,,
13/04/2008 07:11,0.032512185,-0.010470998,1.417490205,0.032951375,,
13/04/2008 19:11,0.012057046,-0.024627069,0.443478791,0.140482281,,
14/04/2008 07:11,0.016720829,-0.018581298,0.136627887,0.000735459,,
14/04/2008 19:11,0.033970048,0.011693292,0.007039141,0.128900796,,
15/04/2008 07:11,0.014073226,0.026472945,0.213236727,-0.282399965,,
16/04/2008 07:17,-0.029104453,0.001078079,0.091206146,0.211552591,,
16/04/2008 19:17,0.05510014,0.020038482,0.038576888,-0.139314567,,
17/04/2008 07:17,0.027384197,0.038467449,0.132226336,0.184167743,,
17/04/2008 19:17,0.004355811,0.034649232,0.465648055,-0.075513099,,
18/04/2008 07:17,0.049338285,0.069722116,0.510921322,-0.266872743,,
18/04/2008 19:17,-0.002787522,-0.038692376,0.110067694,0.091790733,,
19/04/2008 07:17,0.019794454,-0.002925182,0.134916668,-0.197461869,,
19/04/2008 19:17,-0.000564288,-0.013333975,0.112522976,-0.134108937,,
20/04/2008 07:17,0.018900916,0.031305084,-0.000273249,0.134605498,,
20/04/2008 19:17,0.006942974,0.012609261,0.028733729,0.245519397,,
21/04/2008 07:17,-0.00084364,-0.001084514,0.048980319,0.050186748,,
21/04/2008 19:17,-0.006517416,-0.014630662,0.034914835,0.056152177,,
22/04/2008 07:17,0.078893311,-0.001015478,0.08187942,-0.203277028,,
22/04/2008 19:17,-0.013412858,-0.046653925,0.104040899,0.017092836,,
23/04/2008 07:17,0.049585186,0.053703292,0.009067687,-0.239792161,,
23/04/2008 19:17,0.018181094,0.012179217,0.059250952,-0.049509381,,
24/04/2008 07:17,0.017816672,-0.007560299,0.109210355,0.167518152,,
24/04/2008 19:17,-0.011671843,0.037059703,0.064004881,-0.073580482,,
25/04/2008 07:17,0.060997287,0.050057752,0.179525939,-0.03653522,,
25/04/2008 19:17,0.039411141,-0.035096375,0.121903733,0.1503921,,
26/04/2008 07:17,0.010599454,-0.036862432,0.184404401,0.210677779,,
26/04/2008 19:17,-0.016105998,-0.00251143,0.093262884,0.202502081,,
27/04/2008 07:17,-0.018391688,-0.0023641,0.279238583,-0.061742692,,
27/04/2008 19:17,0.080194008,-0.010900476,0.114924018,-0.102957307,,
28/04/2008 07:15,-0.024259652,-0.017439164,0.124866723,-0.089062345,,
28/04/2008 19:15,-0.009732118,-0.061343493,0.115440048,-0.055004589,,
29/04/2008 07:15,0.045270064,0.00656019,0.176183554,0.283244507,,
29/04/2008 19:15,0.041129749,-0.01306254,0.260030519,0.186273293,,
30/04/2008 07:15,0.025657206,-0.02370439,0.177312207,0.173706261,,
30/04/2008 19:15,0.048994386,0.029647746,0.116694926,-1.305171611,,
03/05/2008 19:12,0.058490106,0.036535431,0.246883925,0.928091759,,
04/05/2008 07:12,0.032499463,0.020630128,0.729306927,0.000991633,,
04/05/2008 19:12,-0.019695094,-0.030724724,-0.007551066,0.136423764,,
05/05/2008 07:12,0.020504831,0.018651718,0.147620042,0.035855193,,
05/05/2008 19:12,0.055349264,-0.013638669,0.196105473,0.280446004,,
06/05/2008 07:12,0.081399002,0.018539471,1.112597761,0.028010541,,
06/05/2008 19:12,0.017602236,0.041502104,0.294134707,0.140380248,,
07/05/2008 07:12,0.020819706,-0.02367952,0.25438738,0.067156561,,
07/05/2008 19:12,0.011508816,-0.004136147,0.111772676,0.0323655,,
08/05/2008 07:12,0.069279686,0.029991308,0.052143042,0.076213457,,
08/05/2008 19:12,0.011755136,-0.007898051,-0.047784884,-0.049573295,,
09/05/2008 07:12,0.040992237,-0.00871498,-0.006653641,-0.097394455,,
09/05/2008 19:12,0.032497834,-0.000382392,0.111851343,-0.039993886,,
10/05/2008 07:12,0.076125948,0.00841372,0.029262949,-0.185137985,,
10/05/2008 19:12,0.003537539,0.000134907,0.173698043,0.110986512,,
11/05/2008 07:12,0.016810255,-0.026117661,0.154172235,0.125830514,,
11/05/2008 19:12,0.021476375,-0.033925415,0.132325953,0.142017774,,
12/05/2008 07:12,0.121812789,0.025428135,0.127959648,0.164488971,,
12/05/2008 19:12,0.086372227,0.019526642,0.12259861,0.175860718,,
13/05/2008 07:12,0.081241278,-0.006607855,0.216711231,0.044803804,,
13/05/2008 19:12,0.044690609,0.003980266,0.155836617,-0.114321166,,
14/05/2008 07:12,0.050337588,-0.035062417,0.025333871,-0.147719395,,
14/05/2008 19:12,0.028325731,0.049073994,0.176467019,0.159338059,,
15/05/2008 07:12,0.062463799,0.021829615,0.109702357,-0.227321241,,
15/05/2008 19:12,0.011014789,0.015251623,0.163619512,-0.126049969,,
16/05/2008 07:12,0.010424682,-0.017889948,0.195880988,0.134938993,,
16/05/2008 19:12,-0.022189969,-0.025922011,0.155733639,-0.027734759,,
17/05/2008 07:12,0.001926845,0.020146387,0.025126706,0.056131807,,
17/05/2008 19:12,-0.020848343,-0.012682169,0.123876606,0.016642994,,
18/05/2008 07:12,0.009452617,-0.048109751,0.0902043,0.05667643,,
18/05/2008 19:12,0.028410502,0.006913232,0.057539504,0.072484038,,
19/05/2008 07:12,0.023998664,0.012414359,0.066526904,0.125413394,,
19/05/2008 19:12,0.023124907,0.009836577,0.097071903,0.118602058,,
20/05/2008 07:12,0.035203918,0.019479422,0.069647216,-0.210660379,,
20/05/2008 19:12,0.132056014,-0.028519809,0.017259891,-0.089222652,,
22/05/2008 07:18,-0.003191915,-0.040997459,0.254823563,0.179655891,,
23/05/2008 07:18,0.349326024,-0.016849235,0.30599871,-0.272796765,,
23/05/2008 19:18,-0.002575204,0.034774381,0.054259091,0.246977156,,
24/05/2008 07:18,0.042778549,-0.009470681,0.061967669,-0.125588883,,
24/05/2008 19:18,0.016305345,0.017536709,0.065355297,0.13995536,,
25/05/2008 19:18,0.031963822,0.015292179,0.284038796,-0.285298021,,
26/05/2008 07:18,0.024305321,-0.006557428,0.088678181,0.21349117,,
26/05/2008 19:18,0.032522578,0.004006918,0.06631219,0.131572379,,
27/05/2008 07:18,0.044709165,-0.004942436,0.071312467,0.083293655,,
27/05/2008 19:18,0.009893643,0.003167765,0.054897365,-0.157559835,,
28/05/2008 07:18,-0.025338425,-0.002610105,-0.006143641,-0.008255681,,
28/05/2008 19:18,0.049883506,0.033666318,0.023201925,0.11624732,,
29/05/2008 07:18,0.007137724,0.02846403,0.100132338,0.051674659,,
29/05/2008 19:18,0.025509759,-0.053240396,0.127756518,-0.005380551,,
30/05/2008 07:18,0.024498274,0.00347332,0.169965832,0.146825244,,
30/05/2008 19:18,0.043451184,-0.025557555,0.102042778,0.080082814,,
31/05/2008 07:18,0.074796731,0.030085937,0.036950993,0.04250008,,
31/05/2008 19:18,-0.042115347,0.016773624,1.121363591,-0.035990054,,
01/06/2008 07:18,0.061037312,0.010768225,1.014056857,-0.081061172,,
01/06/2008 19:18,0.007097417,0.021718255,0.15628094,-0.013971492,,
02/06/2008 07:18,0.204470081,0.015621928,0.251851509,-0.191782666,,
02/06/2008 19:18,0.080900374,0.005394494,0.048315973,0.039896369,,
03/06/2008 07:18,0.12631337,0.020387962,0.150772726,-0.054745657,,
03/06/2008 19:18,0.001680879,-0.019370412,0.312334623,-0.086633073,,
04/06/2008 07:18,0.056249555,-0.043266448,0.515655801,0.306647601,,
04/06/2008 19:18,-0.005164853,-0.042493533,0.203069783,-0.024857632,,
05/06/2008 07:18,0.105725712,0.060732643,0.120324662,-0.253852341,,
05/06/2008 19:18,0.042707959,0.027596512,0.060863718,-0.048597897,,
06/06/2008 07:18,0.006894642,-0.021214818,0.147813961,-0.072214843,,
06/06/2008 19:18,-0.01326096,-0.028632437,0.049074067,0.1084968,,
07/06/2008 07:18,0.013319737,0.031493751,0.071984522,0.102277137,,
07/06/2008 19:18,0.026782054,-0.007803308,-0.011795309,-0.02750102,,
08/06/2008 07:18,0.029890848,-0.010571719,-0.004823992,0.003521281,,
08/06/2008 19:18,-0.008185588,-0.032278424,0.047668164,0.273030807,,
09/06/2008 07:18,-0.022312262,0.004582201,0.002437042,0.227796226,,
09/06/2008 19:18,-0.000611874,0.005337794,0.027318352,0.165645027,,
10/06/2008 07:18,0.03308029,0.021068391,0.030780056,-0.388182413,,
10/06/2008 19:18,0.014129672,-0.007658295,0.068152752,0.256364635,,
11/06/2008 07:18,0.001984214,-0.002792646,0.011476964,-0.035351211,,
11/06/2008 19:18,0.003428953,-0.010263177,0.016465129,0.1127251,,
12/06/2008 07:18,0.029840248,0.028847408,0.021613513,-0.224833121,,
12/06/2008 19:18,0.086229953,-0.005914827,0.064965696,-0.031328108,,
13/06/2008 07:18,0.024248344,0.017448289,-0.008047861,-0.346410492,,
13/06/2008 19:18,-0.003528875,-0.022683289,0.009012768,0.165807385,,
14/06/2008 07:18,0.008843123,0.006557671,0.031812632,0.141290651,,
14/06/2008 19:18,-0.03926991,-0.005438816,0.015474608,0.063982097,,
15/06/2008 07:18,0.011087849,0.026800062,-0.013188583,-0.027184965,,
15/06/2008 19:18,0.010732895,0.051019005,-0.035370638,0.069245977,,
16/06/2008 07:18,0.034722104,0.00969017,0.050969108,0.267035557,,
16/06/2008 19:18,0.03690671,0.005596669,0.068272773,0.265769369,,
17/06/2008 07:18,0.039460687,-0.003694155,0.066948736,-0.071386592,,
17/06/2008 19:18,-0.009728734,0.004016462,0.085479254,-0.059523202,,
18/06/2008 07:18,0.016449384,0.004236606,0.01757641,-0.04971374,,
18/06/2008 19:18,0.022484329,-0.009850588,0.02446251,0.037102061,,
19/06/2008 07:18,0.013737038,0.02112987,0.058144794,-0.100182406,,
19/06/2008 19:18,-0.035002763,-5.44987E-05,0.042316544,0.201996183,,
20/06/2008 07:18,-0.002869579,-0.002710459,-0.043315218,-0.168026225,,
20/06/2008 19:18,0.01126258,0.005804561,-0.015354458,0.138012697,,
21/06/2008 07:18,-0.001552201,-0.017286178,-0.003335662,-0.063889078,,
21/06/2008 19:18,-0.004030556,0.039036277,-0.016695696,0.172422932,,
22/06/2008 07:18,-0.004559635,0.012000119,0.038129601,0.037127607,,
22/06/2008 19:18,-0.017381188,-0.003461989,0.039888898,0.133168788,,
23/06/2008 07:18,0.027064943,0.000453453,0.057564566,0.022139451,,
23/06/2008 19:18,0.041534294,0.028259594,0.061850606,-0.020681649,,
24/06/2008 07:18,0.16839642,-0.027950096,0.240186716,-0.075929129,,
24/06/2008 19:18,0.015412051,-0.010443822,0.046075212,0.128548896,,
25/06/2008 07:18,0.028877067,0.026219313,0.073346464,-0.059808814,,
25/06/2008 19:18,0.02758657,0.031750181,0.01955453,0.164895194,,
26/06/2008 07:18,0.023442372,0.001259783,0.107804247,-0.190246566,,
26/06/2008 19:18,0.002164202,-0.017288108,0.129535152,0.093911842,,
27/06/2008 07:18,0.028927933,0.023170874,0.055090542,-0.003522741,,
27/06/2008 19:18,-0.005380047,0.034751862,-0.002298141,-0.105623379,,
28/06/2008 07:18,0.075447618,0.010736348,-0.014158561,-0.142385433,,
28/06/2008 19:18,0.023477669,0.024427166,0.098506371,-0.021163265,,
29/06/2008 07:18,0.010323957,0.006534611,0.110913717,-0.110081573,,
29/06/2008 19:18,-0.010752157,0.047549885,0.058228049,0.199470029,,
30/06/2008 07:18,0.0404521,-0.012636043,-0.018104193,-0.008615252,,
30/06/2008 19:18,0.039251764,-0.001513922,0.059017995,-0.231060986,,
01/07/2008 07:18,0.010760756,-0.016763393,0.020469786,-0.070029427,,
01/07/2008 19:18,0.039998252,-0.020869678,-0.006901168,0.062510409,,
02/07/2008 07:18,0.048740786,-0.014559282,0.000346613,-0.196461761,,
02/07/2008 19:18,0.024910711,-0.00410773,-0.000117977,-0.052124017,,
04/07/2008 08:49,0.020219095,-0.009271595,-0.011516753,0.000801551,,
06/07/2008 20:49,0.038934428,-0.02234473,0.016859787,0.031130491,,
07/07/2008 08:49,0.22839375,-0.001550279,0.071946222,-0.026692406,,
07/07/2008 20:49,0.14629605,-0.011437414,-0.010354522,0.163075299,,
08/07/2008 08:49,0.010704433,-0.025871141,0.067922749,0.131535588,,
08/07/2008 20:49,0.005099704,0.008003446,0.093492774,0.180800571,,
09/07/2008 08:49,0.033268726,0.018555458,0.106984606,0.160370797,,
09/07/2008 20:49,0.038355272,-0.017642937,0.043025576,0.052508428,,
10/07/2008 08:49,0.018496137,0.004544985,0.01637117,-0.283911856,,
13/07/2008 20:49,0.061738361,-0.123905704,0.230071505,-0.278410398,,
14/07/2008 20:52,0.014318646,-0.024899045,0.048860395,-0.353638559,,
15/07/2008 08:52,0.05705854,-0.01252643,0.038100589,0.247011801,,
16/07/2008 08:52,0.081957678,0.026112228,0.118789505,0.001588608,,
16/07/2008 20:52,0.045587174,0.017763565,0.009305117,-0.200051761,,
18/07/2008 08:53,0.019764073,-0.011510855,0.03084099,0.267277942,,
18/07/2008 20:53,0.044218636,-0.008242404,0.022093738,-0.005821648,,
19/07/2008 08:53,0.043646018,0.004597774,0.057897187,0.200530064,,
19/07/2008 20:53,0.005567931,-0.007014668,0.122811505,-0.087857733,,
20/07/2008 08:53,-0.002666593,0.013333546,0.131918223,0.038772223,,
20/07/2008 20:53,-0.005570965,0.008244943,-0.048918934,-0.032395312,,
21/07/2008 08:53,-0.004488849,0.032064408,-0.058398915,-0.152022361,,
21/07/2008 20:53,0.006343993,-0.029656934,0.000885502,-0.129935955,,
22/07/2008 08:53,0.049410747,0.003783014,0.006498852,0.231664909,,
22/07/2008 20:53,-0.006304462,-0.003264403,-0.008469056,-0.192046595,,
23/07/2008 08:53,0.011099245,0.043707001,0.006838678,0.09286823,,
23/07/2008 20:53,-0.005584234,-0.012482883,-0.043313712,0.005012661,,
24/07/2008 08:53,-0.054403463,0.008915716,-0.010407568,0.112333983,,
24/07/2008 20:53,0.008612122,-0.029171683,0.066080948,0.16202336,,
25/07/2008 08:53,-0.06278716,0.006651504,-0.038028924,0.135107594,,
25/07/2008 20:53,0.025694446,-0.020297643,0.00143651,-0.021494509,,
26/07/2008 08:53,0.011790008,-0.029517802,-0.072794138,-0.350481231,,
26/07/2008 20:53,-0.000215144,-0.013325378,-0.011001624,0.23885134,,
27/07/2008 08:53,0.035049968,0.015665067,0.068477721,0.175143894,,
27/07/2008 20:53,0.021564011,-0.020141814,-0.012120869,-0.145672463,,
28/07/2008 08:53,0.059347146,0.021088994,0.076536256,-0.060565756,,
28/07/2008 20:53,0.044817434,0.003151571,0.020002629,0.213560538,,
29/07/2008 08:53,0.007785478,-0.023355099,-0.02532191,0.149977453,,
29/07/2008 20:53,0.040108256,-0.000625968,0.046773598,0.007737496,,
30/07/2008 08:55,-0.001922391,0.021631472,0.052206031,-0.316150649,,
30/07/2008 20:55,-0.062982884,0.016355823,0.067646659,0.339194476,,
01/08/2008 08:56,-0.003309075,0.04715345,0.094875717,0.227188641,,
01/08/2008 20:56,0.047095313,0.011473646,0.045206399,-0.17105195,,
02/08/2008 08:56,0.077860335,0.009661721,0.145021768,0.154123097,,
02/08/2008 20:56,-0.005764269,0.023964657,0.143240572,0.045806227,,
03/08/2008 08:56,0.022968872,0.010963816,0.124490976,0.146898048,,
03/08/2008 20:56,0.028729632,0.022407784,0.042734447,-0.175381099,,
06/08/2008 09:03,0.022168867,-0.003644143,-0.019941655,0.036789402,,
06/08/2008 21:03,0.006142408,-0.052721462,0.045657507,0.019698232,,
07/08/2008 09:03,0.001811071,0.003688812,0.049398698,0.306321572,,
07/08/2008 21:03,0.008655506,-0.018472131,0.000274408,0.171865426,,
08/08/2008 09:03,0.0582203,0.011546653,0.027267455,0.136314081,,
08/08/2008 21:03,0.077969691,0.002950934,0.126631789,0.015798113,,
09/08/2008 09:03,0.082236004,-0.013673723,0.082658033,-1.98601E-05,,
09/08/2008 21:03,0.020498717,0.042577358,0.044566559,0.074205636,,
10/08/2008 09:03,0.049338708,0.004594711,0.060232443,-0.179048907,,
10/08/2008 21:03,0.04820527,0.011158675,0.149853761,0.143765439,,
11/08/2008 09:03,0.011936249,0.019519421,0.058407984,0.122630978,,
11/08/2008 21:03,0.039130166,0.023687659,0.09718116,0.130090431,,
12/08/2008 09:03,0.010226726,0.032907097,0.238188011,-0.08969157,,
12/08/2008 21:03,-0.018139785,0.000451766,0.087391879,0.119944441,,
13/08/2008 09:03,0.006736731,-0.014334576,0.042856965,-0.014187126,,
13/08/2008 21:03,-0.013276936,7.03147E-05,-0.021863246,0.188985323,,
14/08/2008 09:03,0.024606796,-0.010274014,0.026554643,0.041824544,,
14/08/2008 21:03,0.055353726,-0.03484428,-0.055378066,0.287648921,,
15/08/2008 09:03,-0.00471687,-0.000368802,-0.047509518,0.130475988,,
15/08/2008 21:03,0.030353778,0.022328766,0.085875309,-0.069716747,,
16/08/2008 09:03,-0.018147078,0.023148748,-0.039878135,-0.079818423,,
16/08/2008 21:03,0.044287115,0.025579414,0.033164204,0.226054905,,
17/08/2008 09:03,-0.002217902,-0.008400965,0.01868092,-0.11361037,,
17/08/2008 21:03,-0.010133024,-0.003624619,-0.033911349,-0.038764926,,
18/08/2008 09:03,0.027456598,-0.000769172,0.077613807,0.156582459,,
18/08/2008 21:03,0.01506185,-0.043885376,0.0863538,0.085214643,,
19/08/2008 09:03,0.012899627,-0.036891012,0.132729771,-0.040203612,,
19/08/2008 21:03,-0.005465694,0.008223704,0.005809993,0.259028487,,
20/08/2008 09:03,0.031116352,0.013986219,0.054003148,0.251558758,,
20/08/2008 21:03,0.032532329,0.013930241,0.027078109,-0.031769374,,
21/08/2008 09:03,0.061237583,-0.024903709,-0.041734313,-0.105267131,,
21/08/2008 21:03,0.047305384,-0.019734763,0.020435285,0.109903426,,
22/08/2008 09:03,-0.033476252,0.002984451,0.108733144,0.043096348,,
22/08/2008 21:03,-0.001519519,-0.007849387,0.028437224,0.034036165,,
23/08/2008 09:03,0.002498176,0.026781809,0.034797577,-0.034882931,,
23/08/2008 21:03,0.002481151,-0.024426391,0.089977735,-0.18620554,,
24/08/2008 09:03,0.004867353,0.032180703,0.048330081,0.233883094,,
24/08/2008 21:03,0.004153761,0.009569621,0.056676809,0.283231035,,
25/08/2008 09:03,0.026852908,0.034304242,0.036309205,-0.063997323,,
25/08/2008 21:03,0.018215918,-0.002221201,0.02274034,0.385923589,,
26/08/2008 09:03,0.029572847,-0.012884306,0.012470899,-0.061801386,,
26/08/2008 21:03,-0.005101855,-0.015519908,0.017567593,-0.060685581,,
27/08/2008 09:03,-0.022025106,0.010036232,0.027116287,0.171240946,,
27/08/2008 21:03,0.021221642,0.01879679,0.020398219,0.195586739,,
28/08/2008 09:03,0.012120966,-0.004565114,0.041706702,-0.013894801,,
28/08/2008 21:03,0.004651579,0.004407011,0.044533775,0.142631758,,
29/08/2008 09:03,0.004551905,-0.016108041,0.016492571,0.321073876,,
29/08/2008 21:03,0.033022097,-0.002618457,-0.011780969,0.13248602,,
30/08/2008 09:03,0.001667418,-0.02351442,-0.017562495,-0.004152473,,
30/08/2008 21:03,-0.032020668,0.006243792,-0.027802603,0.078778339,,
31/08/2008 09:06,-0.006977116,-0.01278783,0.031415923,0.236785121,,
31/08/2008 21:06,0.028676317,0.010629886,-0.083562617,-0.163181941,,
01/09/2008 09:06,0.018037706,-0.017084949,0.018734301,-0.110756653,,
01/09/2008 21:06,0.13118804,0.000750733,0.018953654,0.104832186,,
02/09/2008 09:06,0.290224517,-0.052843342,0.075933593,0.133322966,,
02/09/2008 21:06,0.064637095,-0.009738828,-0.028306703,-0.112709171,,
03/09/2008 09:06,-0.004809982,0.010472179,0.013959854,-0.122057908,,
03/09/2008 21:06,0.003247617,-0.036497845,-0.060720591,0.024142203,,
04/09/2008 09:06,0.049047441,0.010453662,0.042116806,-0.204721189,,
04/09/2008 21:06,0.088266984,0.003731545,0.034148048,0.008157301,,
05/09/2008 09:06,0.018430923,0.035817849,0.004108183,0.276948003,,
07/09/2008 21:06,0.064971345,0.040712906,0.077115077,0.13039851,,
08/09/2008 09:06,0.007881679,-0.007116674,0.049883404,0.135322023,,
08/09/2008 21:06,0.073138365,0.026924581,0.034186385,-0.128914472,,
09/09/2008 09:06,0.014183202,-0.064418628,0.20456995,0.147498057,,
09/09/2008 21:06,0.056850914,-0.019723858,0.048019137,0.234413181,,
10/09/2008 09:06,0.046090121,0.030293113,0.072389476,-0.180003612,,
10/09/2008 21:06,0.108420244,0.001373228,0.017855971,0.032245707,,
17/09/2008 21:04,0.251846525,0.038586768,0.050313116,0.030789445,,
18/09/2008 09:04,0.054308317,-0.024804945,0.165639353,0.113564296,,
18/09/2008 21:04,0.048092297,-0.014271855,0.091474404,0.025137461,,
19/09/2008 09:04,0.057353901,-0.008049842,-0.032705122,0.012721849,,
19/09/2008 21:04,0.051779262,0.011300045,0.041829603,0.086953353,,
20/09/2008 09:04,0.113609304,0.001232421,1.544284451,0.048530368,,
20/09/2008 21:04,0.012190924,-0.013671508,0.050322172,-0.109740849,,
21/09/2008 09:04,-0.081122521,-0.062841522,0.097666161,0.183976924,,
21/09/2008 21:04,0.065143649,-0.023285801,0.009526472,0.03148397,,
22/09/2008 09:04,-0.021894919,-0.02770758,0.165268431,0.110840507,,
22/09/2008 21:04,0.000187563,0.038603655,0.07452361,0.004748331,,
23/09/2008 09:04,0.028054442,0.039417224,0.044323292,-0.050218168,,
23/09/2008 21:04,0.011649183,-0.010068447,0.024381413,0.116968261,,
24/09/2008 09:04,0.059253284,0.013137126,0.070258922,-0.047841979,,
24/09/2008 21:04,0.057197601,-0.04119506,0.103656622,0.077464907,,
25/09/2008 09:04,0.024119704,0.019144397,0.065323902,-0.267132372,,
25/09/2008 21:04,0.014184838,-0.006339733,0.036327289,0.015357709,,
26/09/2008 09:04,0.157826999,0.00601836,0.051625264,0.169758136,,
26/09/2008 21:04,0.070137111,0.006587932,0.029069363,-0.172878393,,
27/09/2008 09:04,0.003812567,-0.009732668,0.120036784,0.163022667,,
27/09/2008 21:04,0.05753399,0.007303631,0.067439397,0.03033282,,
28/09/2008 09:04,0.01132794,-0.012556513,0.304698821,0.065554418,,
28/09/2008 21:04,0.038847804,0.022129018,0.320989715,-0.064672333,,
29/09/2008 09:04,0.004295276,-0.019981665,0.549178124,-0.127797957,,
29/09/2008 21:04,0.047816942,-0.111406968,0.504562236,-0.002572079,,
30/09/2008 09:04,-0.001763014,-0.017086267,0.78604364,0.048417578,,
30/09/2008 21:04,0.049862787,-0.004206159,0.596762977,0.039299256,,
01/10/2008 09:04,0.097051741,0.031043447,0.606178515,-0.272410182,,
01/10/2008 21:04,-0.013605399,-0.05290367,0.296874209,0.07349163,,
02/10/2008 09:04,0.012270405,-0.010192818,0.421680306,-0.181082651,,
02/10/2008 21:04,0.041513396,0.054462689,0.330152184,0.021911156,,
03/10/2008 09:04,0.074662197,0.000796408,0.405479618,-0.060415268,,
03/10/2008 21:04,0.009387467,-0.077568252,0.202006322,0.117374015,,
04/10/2008 09:04,0.033666394,0.000744659,0.234652097,-0.079281366,,
04/10/2008 21:04,-0.013398054,-0.035533707,0.113971172,0.407672757,,
05/10/2008 09:04,0.073459769,-0.023335191,0.101345667,0.104070033,,
05/10/2008 21:04,0.19574283,0.039744874,0.224135636,-0.151616678,,
06/10/2008 09:04,-0.02979724,-0.012452378,0.199225109,0.145752343,,
06/10/2008 21:04,0.035704844,0.019915996,0.148355098,-0.075948636,,
07/10/2008 09:04,-0.014485216,-0.022184111,0.157777345,0.261572385,,
07/10/2008 21:04,0.061770109,-0.013318029,0.061517322,0.00619101,,
08/10/2008 09:04,0.068404603,0.01527606,0.175508237,-0.23055751,,
08/10/2008 21:04,0.14452406,0.023014496,0.113515687,-0.204901956,,
12/10/2008 21:04,0.031466783,0.033322696,0.208566952,0.499005872,,
13/10/2008 09:04,0.08441088,-0.02548049,0.049054448,-0.29830659,,
13/10/2008 21:04,0.02718058,0.056921027,0.11742331,-0.208642345,,
14/10/2008 09:04,0.042390932,0.050748916,0.213823672,-0.393011503,,
14/10/2008 21:04,0.060981724,0.042087964,-0.026636464,-0.073917245,,
15/10/2008 09:04,0.104694977,0.05104353,0.156324494,0.372240265,,
15/10/2008 21:04,0.027480749,-0.027434059,0.179117481,0.224594991,,
16/10/2008 09:04,0.114365487,-0.0651684,0.240629237,0.025438057,,
16/10/2008 21:04,0.008410741,-0.028095389,0.192401938,-0.162642954,,
17/10/2008 09:04,-0.020565616,0.025074995,0.176552569,-0.193340133,,
17/10/2008 21:04,0.097285955,0.012148358,0.164975093,-0.16164263,,
18/10/2008 09:04,0.055784567,-0.027247715,0.132642534,-0.043649551,,
18/10/2008 21:04,0.053765316,-0.019411449,0.167170246,-0.092509029,,
19/10/2008 09:04,0.05128834,0.067276433,0.010144989,-0.125559478,,
19/10/2008 21:04,0.064329362,0.028623834,0.013012681,-0.066125838,,
20/10/2008 09:04,0.045365489,0.060085247,0.159508144,-0.117224968,,
20/10/2008 21:04,0.037376932,0.026624857,-0.005328863,-0.207168113,,
21/10/2008 09:04,0.029361862,0.026889858,0.164201638,0.107760802,,
21/10/2008 21:04,0.017852193,-0.011524876,0.144139588,0.30655154,,
22/10/2008 09:04,-0.001333109,-0.036026275,0.176278067,0.170103693,,
22/10/2008 21:04,0.079995992,0.011588793,0.0800173,-0.280893415,,
23/10/2008 09:04,0.009676364,-0.004927186,0.041961068,-0.190890655,,
23/10/2008 21:04,-0.01895743,0.01968163,0.024935401,-0.109071879,,
24/10/2008 09:04,-0.008614929,0.060750218,0.049967924,-0.16468931,,
24/10/2008 21:04,0.073998004,0.052152463,0.075225503,-0.128926088,,
25/10/2008 09:04,0.062284954,0.008633738,-0.039445357,-0.172654004,,
25/10/2008 21:04,0.014603164,-0.036335813,0.252993803,0.104048903,,
26/10/2008 09:04,0.075424411,-0.003224296,0.142797494,0.07298307,,
26/10/2008 21:04,0.050250291,0.02306704,0.24310849,0.226203635,,
27/10/2008 09:04,0.070532322,0.051648945,-0.017797321,-0.353026636,,
27/10/2008 21:04,0.007247974,0.01213318,0.265031879,0.466900221,,
28/10/2008 09:04,0.060425948,0.074402865,0.06185293,-0.033906898,,
28/10/2008 21:04,0.032902981,-0.000159662,0.262876804,0.361296995,,
29/10/2008 09:04,0.09258177,0.013084662,0.464602581,0.220729173,,
29/10/2008 21:04,0.06093476,0.05765537,0.020506396,0.109596424,,
30/10/2008 09:04,0.094891491,0.003999881,0.189113241,-0.087083562,,
30/10/2008 21:04,0.059728723,0.012065296,0.184196649,-0.00863039,,
31/10/2008 09:04,0.051589862,0.029000541,0.123129545,0.071360499,,
31/10/2008 21:04,0.013827205,-0.010169433,0.282016241,0.101011487,,
01/11/2008 09:04,-0.018888143,-0.056905544,0.12449892,0.004201146,,
01/11/2008 21:04,0.024290493,-0.002127049,0.288280215,-0.032601001,,
02/11/2008 09:04,0.060182084,0.020035995,0.696376292,-0.11861827,,
02/11/2008 21:04,0.010967625,-0.004657798,0.126992339,0.215308362,,
03/11/2008 09:04,0.065590163,-0.026367067,0.118728209,0.127248826,,
03/11/2008 21:04,0.014164715,0.059738493,0.093960387,0.244743134,,
04/11/2008 09:04,0.028621103,-0.046458954,0.113106217,0.047920609,,
04/11/2008 21:04,0.029792834,-0.001135406,0.029692603,0.06685079,,
05/11/2008 09:04,0.060179599,0.028835766,0.040807497,-0.215569102,,
05/11/2008 21:04,0.012196686,0.025419173,0.10540132,-0.255253799,,
06/11/2008 09:04,0.024820435,-0.007514805,0.118273138,-0.105426311,,
06/11/2008 21:04,0.04209414,-0.008671717,0.070732828,-0.022914995,,
07/11/2008 09:04,0.049530271,0.050588493,0.398092766,-0.117787607,,
07/11/2008 21:07,0.064918492,0.016430437,0.092014051,0.179539798,,
08/11/2008 09:07,0.022394682,3.02631E-05,0.068035275,0.223317114,,
08/11/2008 21:07,-0.009378774,-0.024989929,0.197955478,0.08632061,,
09/11/2008 09:07,0.117261545,-0.006269342,0.056630054,0.01738807,,
09/11/2008 21:07,-0.005795089,-0.055887438,0.14030771,-0.044139829,,
10/11/2008 09:07,0.037296461,0.030494454,0.203623892,0.170027904,,
11/11/2008 09:07,0.004784749,-0.016392132,0.146981037,0.17356525,,
11/11/2008 21:07,0.024815806,-0.018003365,0.07841202,0.051630431,,
12/11/2008 09:07,0.077480255,0.011406043,0.086466871,0.069692116,,
13/11/2008 09:07,0.014150943,-0.033308282,0.18331937,0.058909755,,
13/11/2008 21:07,0.077971851,0.023024207,0.110830987,-0.336309353,,
14/11/2008 09:07,0.013448827,-0.048904351,0.189931149,0.060537001,,
14/11/2008 21:07,0.10241838,-0.029427786,0.159164866,0.173314354,,
15/11/2008 09:07,0.044202621,0.004270961,0.164632574,0.065423894,,
15/11/2008 21:07,0.112396894,0.057282203,-0.012347247,0.291647979,,
16/11/2008 09:07,0.077570346,-0.011158373,0.096924164,0.054320101,,
16/11/2008 21:07,0.061359778,-0.005834738,-0.008349676,0.145364396,,
17/11/2008 09:07,0.012541819,-0.038423698,0.261935728,0.091051786,,
17/11/2008 21:07,0.011599717,-0.010404902,-0.012628698,-0.1272662,,
18/11/2008 09:07,0.064417534,-0.000583444,0.076674076,-0.079874418,,
18/11/2008 21:07,0.01361071,0.004885237,0.145939392,0.051633787,,
19/11/2008 09:07,0.067700386,0.057360866,0.159536706,0.05384296,,
19/11/2008 21:07,-0.034181295,-0.052302038,0.30890471,0.179469027,,
20/11/2008 09:07,-0.005718299,0.035862141,0.443380166,0.131769927,,
20/11/2008 21:07,0.062568328,-0.003973185,0.179168347,-0.016925139,,
21/11/2008 09:07,0.076322557,-0.010881303,0.252270206,0.212136606,,
21/11/2008 21:07,0.312663651,-0.027904265,0.258821267,-0.06088146,,
22/11/2008 09:07,0.115153334,0.038702315,0.277046545,-0.442079112,,
23/11/2008 09:07,0.045600913,-0.009728753,0.257947539,-0.126379954,,
23/11/2008 21:07,0.02016093,0.070620127,0.196058625,0.243501633,,
24/11/2008 09:07,0.091273145,0.002032603,0.189794442,0.144277937,,
25/11/2008 11:30,-0.014460258,-0.008613688,0.079024115,-0.215383445,,
25/11/2008 23:30,0.002896401,0.05785919,0.035535253,0.113869554,,
27/11/2008 23:53,0.022327278,0.003886332,0.173842123,-0.227177409,,
28/11/2008 23:53,0.013452017,-0.026932558,0.353900838,-0.001524654,,
29/11/2008 11:53,0.065416085,-0.017727764,0.275070521,-0.344157836,,
29/11/2008 23:53,0.040054169,0.002469173,0.22164869,-0.030453601,,
30/11/2008 11:53,0.046236428,0.0576973,0.34003115,0.189651271,,
30/11/2008 23:53,0.262941509,0.026173272,0.214559895,0.063739642,,
01/12/2008 11:53,0.079653149,0.010636999,0.283173954,0.182358306,,
01/12/2008 23:53,0.239601518,0.053501844,0.193282351,-0.180076201,,
02/12/2008 11:53,0.067605103,0.051826274,0.127511367,0.085672004,,
02/12/2008 23:53,0.062050646,-0.020810149,1.355333156,0.325165418,,
03/12/2008 11:53,0.038559427,-0.040167535,1.254238249,0.237680306,,
03/12/2008 23:53,0.42334987,0.004322267,0.160640214,0.029319127,,
04/12/2008 11:53,0.0348487,-0.046476258,0.329829584,-0.054685243,,
04/12/2008 23:53,0.006718098,-0.040272278,0.136746997,0.14492891,,
05/12/2008 11:53,0.067445556,-0.050033052,0.14368593,0.309828106,,
05/12/2008 23:53,-0.067419409,-0.060695324,0.381768236,0.159627766,,
06/12/2008 11:53,-0.004453477,-0.049086704,0.283817776,-0.072439055,,
06/12/2008 23:53,-0.020705758,-0.004981141,0.231034491,-0.025920819,,
07/12/2008 11:53,-0.022326478,0.00300109,0.247014328,0.006128513,,
07/12/2008 23:53,0.078498441,0.007758719,0.139938454,0.148179999,,
08/12/2008 23:53,-0.002815374,0.018331986,0.234457791,0.052670586,,
09/12/2008 11:53,0.015139595,-0.022812551,0.223677687,-0.09008812,,
09/12/2008 23:53,0.200771892,-0.002922457,0.116588871,0.272586448,,
10/12/2008 11:53,0.037098591,-0.042014463,0.176070292,-0.01279325,,
10/12/2008 23:53,0.150190027,0.054134629,0.024808416,-0.128021124,,
11/12/2008 11:53,0.051902722,-0.006020243,0.09254946,-0.149216438,,
11/12/2008 23:53,0.117287971,-0.015864082,4.881051271,0.188326187,,
12/12/2008 11:53,0.513498459,-0.026245885,11.27603474,0.171824694,,
12/12/2008 23:53,0.322758581,0.076289849,5.683934027,-0.0106535,,
13/12/2008 11:53,0.234254256,0.669847955,17.35809588,-0.072865213,,
13/12/2008 23:53,-0.004521014,-0.024958278,0.857422538,0.18266883,,
14/12/2008 11:53,-0.064197083,0.036658188,0.102861733,0.078498087,,
14/12/2008 23:53,0.030761409,0.027115822,0.0325931,0.169758672,,
15/12/2008 11:53,-0.016716854,-0.052929796,0.108335884,0.155783474,,
15/12/2008 23:53,0.12636083,0.04300114,0.022907956,-0.034483388,,
16/12/2008 11:53,0.044883559,-0.00091832,0.107899294,0.126286536,,
16/12/2008 23:53,0.24559699,0.064723078,0.021812735,-0.040699605,,
17/12/2008 11:53,0.069247425,-0.032223875,0.101116187,-0.229308599,,
17/12/2008 23:53,0.145324903,0.01713826,0.088504452,0.050341157,,
18/12/2008 11:53,0.071275588,-0.028368728,-0.010094289,-0.115618921,,
18/12/2008 23:53,0.262161641,0.057954441,0.106747178,-0.064119821,,
19/12/2008 11:53,0.035581251,-0.03925344,0.151416148,-0.045343239,,
19/12/2008 23:53,0.170084796,0.032380169,0.089628069,0.113355349,,
20/12/2008 11:53,0.08171393,-0.037706662,0.141649131,-0.076421169,,
20/12/2008 23:53,0.30831926,-0.012568995,0.098788276,0.244841473,,
21/12/2008 11:53,0.199334425,0.032055245,0.266487382,-0.149298285,,
21/12/2008 23:53,0.005894484,0.018220506,0.213614822,0.051693738,,
22/12/2008 11:53,-0.062646233,-0.058337795,0.181217416,-0.152371107,,
22/12/2008 23:53,0.031465439,-0.031807003,0.167419051,0.065784693,,
24/12/2008 06:19,0.069006245,-0.023473276,0.241038587,-0.187339287,,
24/12/2008 18:19,0.090329829,-0.006148869,0.031357243,0.224589673,,
25/12/2008 06:19,-0.045107129,-0.036108405,0.109194384,0.122691889,,
25/12/2008 18:19,0.037726304,-0.002496808,0.057296489,0.001906857,,
26/12/2008 06:19,0.089389627,-0.013271961,0.098526235,-0.056719271,,
26/12/2008 18:19,0.03389698,-0.011622722,0.007505952,0.079385792,,
27/12/2008 06:19,0.030652787,-0.018894917,0.066945205,0.014909767,,
27/12/2008 18:19,0.034430847,0.001677566,0.012370551,0.042217366,,
28/12/2008 06:19,0.027601219,-0.007567065,0.057145838,0.157413723,,
28/12/2008 18:19,0.023928793,-0.003746465,0.137726551,0.123126433,,
29/12/2008 06:19,-0.018718783,-0.011460785,0.046099981,0.117562345,,
29/12/2008 18:19,0.004942384,-0.019507327,0.119565565,0.444890207,,
30/12/2008 06:19,0.062791018,0.040243765,0.067865703,0.051434626,,
30/12/2008 18:19,0.024349878,0.017708526,0.087029861,0.27618018,,
31/12/2008 06:19,0.040821093,0.047080393,0.051970146,-0.144970716,,
31/12/2008 18:19,0.069476509,0.056393686,0.175714682,0.1197518,,
01/01/2009 06:19,0.034186644,-0.001400659,0.026664577,-0.06469805,,
01/01/2009 18:19,-0.010159989,0.036067336,0.146013494,0.169418541,,
02/01/2009 06:19,-0.012181086,-0.030142876,0.111588594,0.292869991,,
02/01/2009 18:19,0.008825055,0.007117567,0.162803845,0.047967125,,
03/01/2009 06:19,0.049884419,0.018268354,0.075647914,-0.237983334,,
03/01/2009 18:19,0.067822108,0.021589811,0.205116783,0.010312618,,
04/01/2009 06:19,0.043882346,0.009328126,0.067321566,-0.004207107,,
04/01/2009 18:19,0.099706541,0.057199429,0.042529305,-0.103347086,,
05/01/2009 06:19,0.127351503,-0.011345733,0.065696122,0.232425453,,
05/01/2009 18:19,0.024431416,-0.006561005,0.204286532,0.232717932,,
07/01/2009 06:19,0.035193885,-0.033932708,0.167729355,0.055363158,,
07/01/2009 18:19,0.025665325,0.017379836,0.114242403,-0.095389982,,
08/01/2009 06:19,0.030595887,0.055295001,0.126584032,-0.164889758,,
22/01/2009 06:23,0.062869785,-0.000905778,0.134603302,-0.134965584,,
22/01/2009 18:23,0.154500655,0.028959798,0.059122474,0.022156974,,
23/01/2009 06:23,0.053041313,0.025831406,0.112331171,-0.037480697,,
23/01/2009 18:23,0.002526015,0.020168919,0.160792844,0.186279028,,
24/01/2009 06:23,0.043111798,0.002377485,0.217157677,-0.29657039,,
24/01/2009 18:23,-0.03873721,0.00030923,0.185381266,-0.107851616,,
25/01/2009 06:23,0.002421731,-0.032864349,0.186922158,-0.105245425,,
25/01/2009 18:23,0.046827869,0.025590405,0.188869009,0.013586311,,
26/01/2009 06:23,0.047368806,0.014784689,0.096209505,0.047227183,,
26/01/2009 18:23,-0.011572172,-0.027129927,0.258032158,-0.012604654,,
27/01/2009 06:23,0.010672822,-0.008993251,0.161367182,0.135844253,,
27/01/2009 18:23,0.033327753,-0.011350203,0.213417563,0.1387547,,
28/01/2009 06:23,-0.001883505,-0.03397787,0.057524899,-0.068870087,,
28/01/2009 18:23,0.046360137,-0.016414451,0.075379735,-0.044707148,,
29/01/2009 06:23,0.022550627,0.005521373,0.158239596,-0.056102906,,
29/01/2009 18:23,0.017621553,-0.003302864,0.0480392,-0.031737088,,
30/01/2009 06:23,-0.033512768,-0.013331183,0.096820233,-0.170995304,,
30/01/2009 18:23,0.033519055,0.015542813,0.024649011,-0.165823956,,
31/01/2009 06:23,-0.000773578,0.001889312,0.155065142,0.00995548,,
31/01/2009 18:23,0.029712529,0.011472487,0.026955317,-0.115160356,,
01/02/2009 06:23,0.070286853,0.000203885,0.038643335,0.132596612,,
01/02/2009 18:23,0.005024259,-0.012626869,0.131676819,-0.155413303,,
02/02/2009 06:23,0.021367831,0.042486159,0.063678281,0.014711295,,
02/02/2009 18:23,0.002836953,0.030967725,-0.006779259,-0.109628373,,
03/02/2009 06:23,1.716833615,-0.047224773,0.396616113,0.168671274,,
05/02/2009 06:26,-0.010906125,-0.02042051,0.158454212,0.23959806,,
05/02/2009 18:26,0.030503757,0.001572349,0.091542384,0.119676594,,
06/02/2009 06:26,0.394734263,-0.035545342,0.10714346,0.035426153,,
06/02/2009 18:26,0.032676268,-0.007974051,-0.016006956,-0.003351557,,
07/02/2009 06:26,-0.006821995,-0.036807119,0.080531507,0.359184791,,
07/02/2009 18:26,0.060069606,-0.03923219,0.000585622,-0.568730065,,
08/02/2009 06:26,0.035834916,-0.024398393,0.029782771,-0.062490989,,
08/02/2009 18:26,0.031784137,0.016488387,0.071671611,-0.040235493,,
09/02/2009 06:26,0.100393569,0.039992594,0.005100415,-0.198156496,,
09/02/2009 18:34,0.022206659,-0.003685777,0.014518294,0.25912602,,
10/02/2009 06:34,0.10185148,0.012336598,0.213110061,-0.290216076,,
10/02/2009 18:34,0.017476919,-0.025311486,0.047854796,0.132467258,,
11/02/2009 06:34,-0.014081058,0.006528294,0.072646092,0.030401873,,
11/02/2009 18:34,0.062699682,0.01559413,-0.017565137,-0.190748686,,
12/02/2009 06:34,0.034823029,-0.004066979,-0.04064635,0.214994267,,
12/02/2009 18:34,-0.008106587,-0.01039434,0.016288524,-0.154126081,,
13/02/2009 06:34,-0.038797946,-0.008684696,0.085273661,-0.264209227,,
13/02/2009 18:34,0.038224154,0.021238597,0.01632741,-0.018530095,,
14/02/2009 06:34,0.016551834,0.011837141,0.078392802,0.098163902,,
14/02/2009 18:34,-0.00202984,0.007866037,0.031831679,-0.18465488,,
15/02/2009 06:34,0.034924831,-0.022463187,-0.074839919,0.158389592,,
15/02/2009 18:34,0.035673476,0.02267768,0.073475917,0.114204004,,
16/02/2009 06:34,-0.004042366,-0.03271124,0.066514492,-0.072742445,,
16/02/2009 18:34,0.002596134,0.029068868,0.124146268,0.125014445,,
17/02/2009 06:34,-0.00683477,-0.01272009,0.119931932,0.062502093,,
17/02/2009 18:34,0.023752468,0.021049,0.215996811,-0.171392159,,
18/02/2009 06:34,-0.00458302,0.020545742,0.161123478,0.326425166,,
18/02/2009 18:34,0.025669129,-0.006286512,0.098570874,0.183555772,,
19/02/2009 06:34,0.016906518,0.037510217,0.088493598,0.088980456,,
19/02/2009 18:34,0.021379117,0.012351179,0.180161148,0.182715569,,
20/02/2009 06:34,-0.012911327,-0.001906573,0.158875817,0.022025215,,
20/02/2009 18:34,0.067098212,0.057431386,-0.030837926,-0.06898408,,
21/02/2009 06:34,-0.006479394,-0.021790609,0.135331627,0.092078622,,
21/02/2009 18:34,0.036054042,0.062129227,0.112570878,0.036382844,,
22/02/2009 06:34,-0.005890082,0.033255551,0.099191168,0.143683508,,
22/02/2009 18:34,0.014776079,0.034952897,0.085239984,-0.123092327,,
23/02/2009 06:34,0.002851538,-0.020112378,0.148226185,0.227241656,,
23/02/2009 18:34,0.023313604,0.019882637,0.104288403,0.142164235,,
24/02/2009 06:34,0.016640226,0.007638023,-0.007604238,0.02617762,,
24/02/2009 18:34,0.020474838,0.005526067,0.089190533,-0.112794701,,
27/02/2009 06:34,0.038635547,-0.013271053,0.07117999,0.216140139,,
28/02/2009 06:34,0.013142178,-0.085501769,0.13103063,0.571815112,,
28/02/2009 18:34,0.037260899,0.006249964,0.237996027,-0.000738403,,
01/03/2009 06:34,0.034806901,0.093661438,0.095960802,0.118236789,,
01/03/2009 18:34,0.044029365,0.034641047,0.166014669,-0.188379734,,
02/03/2009 06:34,0.042032742,-0.019171845,0.117166553,0.078469577,,
02/03/2009 18:34,0.066987571,0.012840912,0.137726974,-0.076534816,,
03/03/2009 06:34,-0.002526195,-0.01652612,0.067471902,0.121883178,,
03/03/2009 18:34,0.031456236,0.045094935,0.034587179,-0.097730613,,
04/03/2009 06:34,0.089707117,-0.032128754,0.097328272,0.137193276,,
04/03/2009 18:34,0.174630131,0.004639993,0.055444209,0.216206823,,
05/03/2009 06:34,0.091749117,-0.024830063,0.063703236,0.246479589,,
05/03/2009 18:34,0.030988765,-0.017730266,0.050802043,-0.113097103,,
06/03/2009 06:34,0.025578765,0.031678602,0.084635575,-0.327249422,,
06/03/2009 18:34,0.05273696,0.032130084,0.100088591,-0.250738014,,
07/03/2009 06:34,0.034885999,0.002295536,0.094579605,0.064632737,,
07/03/2009 18:34,0.119543149,0.024545782,0.046755098,-0.154792277,,
08/03/2009 06:34,0.002651524,-0.073946896,0.084957207,-0.012027058,,
08/03/2009 18:34,0.02691678,0.013799653,0.105887009,-0.012234447,,
09/03/2009 06:34,0.034580928,0.012439814,0.067384507,-0.05036391,,
09/03/2009 18:34,0.10780317,0.011176662,0.023169356,0.163055108,,
10/03/2009 06:34,0.008695623,-0.007287584,0.072522272,-0.116120883,,
11/03/2009 08:48,0.074988691,-0.063939514,0.115868337,0.126386516,,
11/03/2009 20:48,0.072730034,-0.024204486,0.189272075,0.206124949,,
12/03/2009 08:48,0.07503039,0.000969337,0.053546579,-0.076501325,,
12/03/2009 20:48,0.090386687,0.024198536,0.057898236,0.231915667,,
13/03/2009 08:48,0.03243712,-0.011825068,0.214539476,0.067140616,,
13/03/2009 20:48,0.096893816,0.030201248,0.190747659,0.098454092,,
14/03/2009 08:48,-0.04320356,-0.048762935,0.225952178,0.205119295,,
14/03/2009 20:48,1.351091126,0.014160697,0.43577457,-0.023452177,,
15/03/2009 08:48,0.653440728,-0.024680905,0.201104444,-0.107277551,,
15/03/2009 20:48,-0.03161894,-0.01802115,0.228771693,0.120372084,,
16/03/2009 08:48,19.75870905,0.071009175,8.93500524,0.339038057,,
16/03/2009 20:48,0.002204983,-0.012061805,0.218620898,-0.205841266,,
17/03/2009 08:48,-0.101988167,-0.019505958,0.183767767,0.278776411,,
17/03/2009 20:48,-0.010236172,-0.01068364,0.271933508,0.205658851,,
18/03/2009 08:48,-0.014516781,-0.053393505,0.142391086,0.03565468,,
18/03/2009 20:48,-0.023570338,-0.020854038,0.157133515,0.234791935,,
19/03/2009 08:48,-0.066060563,0.051904281,0.007633676,0.257169531,,
19/03/2009 20:48,0.040659207,-0.048416165,0.184834879,0.097029262,,
20/03/2009 08:48,-0.02485121,0.000999757,0.164374961,0.117961165,,
20/03/2009 20:48,0.074329635,0.064111474,-0.069823769,-0.047270334,,
21/03/2009 08:48,0.067072127,-0.010076833,0.109896236,0.066865491,,
21/03/2009 20:48,0.071485346,0.010712919,0.041993402,0.07585235,,
22/03/2009 08:48,-0.013510138,0.008174228,0.040996406,0.108499815,,
24/03/2009 08:48,-0.013356051,-0.027298803,0.047261638,0.066616966,,
24/03/2009 20:48,0.003810861,-0.013946732,0.16643397,0.123240518,,
25/03/2009 08:48,0.015718959,0.041451775,0.158226742,0.271640014,,
25/03/2009 20:48,0.115868144,0.037366996,0.306656517,0.929603054,,
26/03/2009 08:48,0.110349509,-0.007884668,0.071233755,-0.279399441,,
26/03/2009 20:48,0.028673223,-0.007876115,0.194318101,0.281753598,,
27/03/2009 08:48,0.209430984,-0.031398614,0.054626009,-0.003830865,,
27/03/2009 20:48,0.164135263,0.038929154,0.111294628,-0.054640287,,
28/03/2009 08:48,-0.011278119,-0.008942678,0.140893104,0.23990482,,
28/03/2009 20:48,0.057983408,-0.006860045,0.035686043,-0.054779417,,
29/03/2009 08:48,0.028151442,-0.021949032,0.053740814,0.142349054,,
29/03/2009 20:48,0.011324614,-0.012868606,0.181640559,0.140895922,,
30/03/2009 08:48,0.010699138,-0.035155676,0.087077935,-0.202558568,,
30/03/2009 20:48,0.044460737,0.045170236,0.159652079,0.152073628,,
31/03/2009 08:48,0.034980408,0.018652739,0.076191503,0.014941213,,
31/03/2009 20:48,0.000814343,-0.017514814,0.119551696,0.052192443,,
01/04/2009 08:48,-0.047271245,0.012849274,0.071254011,0.130225706,,
01/04/2009 20:48,0.072253137,0.026473232,0.024772878,-0.220141293,,
02/04/2009 08:48,0.045233322,0.000792586,0.167619859,0.186861706,,
02/04/2009 20:48,-0.024761726,-0.014498836,0.065745478,-0.09438562,,
03/04/2009 08:48,0.021975773,0.013279659,0.040054195,-0.26507471,,
04/04/2009 20:48,0.105257582,0.003131266,0.012558891,0.034785707,,
05/04/2009 08:48,0.104196303,0.041678509,-0.004436704,0.032102992,,
05/04/2009 20:48,0.048582928,-0.016438122,0.028029212,0.03123389,,
06/04/2009 08:48,0.038506997,0.009482488,0.01579594,-0.034191351,,
06/04/2009 20:48,0.225998436,0.011467879,0.094462279,0.234725967,,
07/04/2009 08:48,0.092722053,0.020349956,0.050934722,0.114419157,,
07/04/2009 20:48,0.076477837,0.016582724,0.089115286,0.243507845,,
08/04/2009 08:48,0.084736216,0.062466949,0.007913065,0.012556965,,
08/04/2009 20:48,0.045941584,-0.027594317,0.103110316,0.091571267,,
09/04/2009 08:48,0.013174101,0.031479258,0.038282763,0.070261286,,
09/04/2009 20:48,-0.008494265,-0.008077078,0.072178697,-0.069703425,,
10/04/2009 08:48,0.048831847,-0.014390894,0.099104842,0.058612888,,
10/04/2009 20:48,0.063167234,-0.012234822,0.024122207,0.068457424,,
11/04/2009 08:48,0.04696391,0.001278352,0.063702655,0.204302225,,
11/04/2009 20:48,-0.027140338,-0.013169965,0.106818463,-0.124945625,,
12/04/2009 08:48,0.013677426,-0.007820774,0.136963051,0.099239096,,
12/04/2009 20:48,0.014351754,-0.01341052,0.135291854,-0.015761072,,
13/04/2009 08:48,0.039632108,-0.007172555,-0.018151961,0.213248181,,
13/04/2009 20:48,0.076025429,-0.021820548,-0.008405798,-0.664868457,,
14/04/2009 08:48,0.043016974,-0.036008862,0.097716678,0.135696764,,
14/04/2009 20:48,0.0576812,0.043277931,-0.000887066,-0.019985866,,
15/04/2009 08:48,0.014287236,0.000986045,0.150532581,-0.119273515,,
15/04/2009 20:48,0.09157602,0.075040745,-0.057783898,0.046949104,,
16/04/2009 08:48,0.122815273,-0.043109872,0.049021389,0.138369687,,
16/04/2009 20:48,0.137058613,0.016723089,0.080856102,-0.093464736,,
17/04/2009 08:48,-0.031122775,-0.061886991,0.073218842,-0.001889729,,
17/04/2009 20:48,0.03577994,-0.026880004,-0.059271418,0.18719562,,
18/04/2009 08:48,0.008118404,-0.010176603,0.158933441,0.005491275,,
18/04/2009 20:48,-0.00213553,-0.061077368,0.090260206,0.33801327,,
19/04/2009 08:48,0.029599378,-0.045480284,0.056433461,0.036828444,,
19/04/2009 20:48,0.083955151,0.018607776,0.06736289,-0.020520494,,
20/04/2009 08:48,-0.005031174,0.021138833,0.091822215,0.034104644,,
20/04/2009 20:48,0.107361804,-0.022321664,0.128918021,0.155663949,,
21/04/2009 08:48,0.01174328,0.008079212,0.038179541,-0.04602894,,
21/04/2009 20:48,0.045090299,0.011440194,0.065523184,0.063921925,,
22/04/2009 08:48,0.017131564,-0.016636005,0.061115296,0.039164322,,
22/04/2009 20:48,0.037875874,0.003143194,0.126313736,-0.029563198,,
23/04/2009 08:48,-0.040801588,-0.009064008,-0.003971405,-0.099354296,,
23/04/2009 20:48,-0.037336342,-0.014958577,0.15395173,-0.031928412,,
24/04/2009 08:48,0.00490235,-0.012392248,0.060618898,-0.110289831,,
24/04/2009 20:48,0.156814862,0.051949377,0.021506068,-0.214638845,,
25/04/2009 08:48,0.041393323,0.013729896,0.046163868,0.049447572,,
25/04/2009 20:48,-0.035990668,0.00796943,0.140170424,-0.062461348,,
26/04/2009 08:48,0.004924989,-0.00985513,0.139584878,0.021182192,,
26/04/2009 20:48,0.060360851,0.035430899,0.093310758,0.146077401,,
27/04/2009 08:48,0.021698335,-0.014791391,0.151765242,0.123496244,,
27/04/2009 20:48,0.006217849,-0.042617642,0.168029463,-0.125861509,,
28/04/2009 08:48,-0.036607033,-0.072366044,0.088111217,0.419053724,,
28/04/2009 20:48,0.038874153,0.034615162,0.076281897,0.079177658,,
29/04/2009 08:48,-0.025430667,-0.046225374,0.221504268,0.097618234,,
29/04/2009 20:48,0.06917445,-0.029066756,0.014085328,0.064089567,,
30/04/2009 08:48,0.013552991,-0.003501307,0.220959305,0.181427963,,
30/04/2009 20:48,-0.007282465,0.013310836,0.146989949,-0.034046136,,
01/05/2009 08:48,-0.011571724,-2.03533E-05,0.104213496,0.344243529,,
01/05/2009 20:48,0.049147321,0.02076522,0.101172374,-0.072123612,,
02/05/2009 08:48,0.021401476,0.009770523,0.121777914,0.007394936,,
02/05/2009 20:48,0.020376052,-0.021793046,0.116381408,0.043938541,,
03/05/2009 08:48,-0.025214394,-0.021256059,0.06388275,0.019708041,,
03/05/2009 20:48,0.007930689,0.015575668,0.063040715,0.007590506,,
04/05/2009 08:48,0.039426797,0.012509479,0.000317029,-0.122537916,,
04/05/2009 20:48,-0.024024324,-0.018499722,0.129228572,-0.190915984,,
05/05/2009 08:48,-0.000747783,0.007594566,0.012763631,-0.227809453,,
05/05/2009 20:48,-0.005813689,0.014203203,0.144996427,0.075780511,,
06/05/2009 08:48,0.004112871,-0.002508628,0.131519035,0.183362876,,
06/05/2009 20:48,0.066912733,0.045437332,0.048644257,-0.402575149,,
07/05/2009 08:48,0.01504885,-0.005392843,0.047708624,-0.209474906,,
07/05/2009 20:48,0.025642396,-0.006089285,0.21393055,-0.108563757,,
08/05/2009 08:48,0.084220283,0.045528877,0.044553509,-0.13928555,,
08/05/2009 20:48,-0.044422888,-0.017460322,0.208480169,0.2278884,,
09/05/2009 08:48,0.074953454,-0.00412689,0.016594282,0.114651132,,
09/05/2009 20:48,0.010165499,-0.01518086,0.204184055,-0.137827929,,
10/05/2009 08:48,-0.026820363,-0.00597402,0.052897857,-0.13048266,,
10/05/2009 20:48,0.023459862,-0.007815893,0.160204632,0.199569445,,
11/05/2009 08:48,0.01554486,0.007606174,0.145528285,0.137602717,,
11/05/2009 20:48,-0.002319853,0.003945013,0.152941078,0.344321917,,
12/05/2009 08:48,0.056075052,0.020342614,0.091959129,-0.016670403,,
12/05/2009 20:50,0.058816397,0.016017541,0.033332323,-0.13100761,,
13/05/2009 08:50,0.07648191,-0.012063303,0.113796827,-0.232570821,,
13/05/2009 20:50,0.080014952,0.026578632,0.089569502,-0.029747672,,
14/05/2009 08:50,0.051153773,0.026009691,-0.019114539,-0.065277584,,
14/05/2009 20:50,0.05227173,0.009753184,0.035464489,-0.058964645,,
15/05/2009 08:50,-0.002735948,-0.011462299,0.104564578,-0.183958375,,
15/05/2009 20:50,0.053691184,0.015836898,0.021636774,-0.031943154,,
16/05/2009 08:50,0.048846098,-0.013020155,0.011015973,-0.145630823,,
16/05/2009 20:50,0.02642797,-0.037538879,0.100088953,0.269774655,,
17/05/2009 08:50,-0.016155609,-0.007630482,0.115982168,0.252911603,,
17/05/2009 20:50,0.092646437,0.017806246,0.118208422,0.152794954,,
18/05/2009 08:50,0.043828709,0.008998819,0.088084114,0.027136374,,
18/05/2009 20:50,0.067021137,0.034157698,-0.004994664,0.060269196,,
19/05/2009 08:50,0.041266561,-0.003863181,0.033192961,0.088555152,,
19/05/2009 20:50,-0.020436735,-0.005543033,0.00337637,-0.115773861,,
20/05/2009 08:50,0.0089175,0.014597498,0.023498405,0.262328761,,
20/05/2009 20:50,0.064061482,0.006182658,0.039893646,0.062504434,,
21/05/2009 08:50,0.021434819,-0.006446721,0.04482451,-0.078775022,,
21/05/2009 20:50,0.260805216,0.009166509,0.023389017,-0.253195447,,
22/05/2009 08:50,0.067093112,0.011294725,0.014038821,0.006283606,,
22/05/2009 20:50,-0.019824147,-0.02372267,0.057557926,0.238554956,,
23/05/2009 08:50,0.126940503,0.027892721,0.007307936,-0.021287174,,
23/05/2009 20:50,0.078354923,0.010856877,0.050672919,0.150080036,,
24/05/2009 08:50,-0.012785831,-0.049189926,0.032827269,0.101879734,,
24/05/2009 20:50,0.036014861,0.024654767,0.054837897,0.087317234,,
25/05/2009 08:50,-0.00094224,-0.004599546,0.011334926,0.349781794,,
25/05/2009 20:50,0.07336313,0.02479337,0.064898664,0.068667562,,
26/05/2009 08:50,-0.002496647,-0.001444863,0.112264886,0.180013573,,
26/05/2009 20:50,0.043460946,0.038575475,0.133747842,0.214849616,,
27/05/2009 08:50,-0.019173608,0.02155287,0.107885085,0.02029654,,
27/05/2009 20:50,0.057242818,0.031005291,0.154214718,0.005021084,,
28/05/2009 08:50,0.016438022,-0.019185527,0.248224449,0.191475969,,
28/05/2009 20:50,-0.051514689,0.021412456,0.288110648,0.124870394,,
29/05/2009 08:50,0.030964815,-0.016942075,0.152978489,0.120911155,,
29/05/2009 20:50,0.043069106,-0.027775432,0.095396404,0.285521757,,
30/05/2009 08:50,0.008721661,-0.040959602,0.188955777,0.320408207,,
30/05/2009 20:50,0.119836461,0.037421918,0.140098259,0.251011871,,
31/05/2009 08:50,0.002367368,-0.014685572,0.069371232,-0.041053869,,
31/05/2009 20:50,0.022806273,0.040574018,0.204855472,-0.066033736,,
01/06/2009 08:50,0.004214058,0.0136773,0.14461839,0.018733931,,
01/06/2009 20:50,-0.00714564,-0.018364138,0.17859436,0.108324963,,
02/06/2009 08:50,0.033775061,0.029230894,0.134066307,0.045792861,,
02/06/2009 20:50,-0.015514529,-0.013665281,0.12310058,-0.234768673,,
03/06/2009 08:50,0.002167307,-0.002238988,0.105723647,0.169983061,,
03/06/2009 20:50,0.002493193,0.014598235,0.16851471,-0.079571395,,
04/06/2009 08:50,0.040287279,-0.011066842,0.488585963,-0.559791637,,
04/06/2009 20:50,0.050000123,-0.031311341,0.23203856,-0.102987926,,
05/06/2009 08:50,0.174463345,0.006227736,-0.32565701,0.32142171,,
05/06/2009 20:50,-0.053583194,0.063384235,-0.063012909,-0.423295035,,
07/06/2009 08:50,0.106229636,-0.075778772,0.106905169,0.368790622,,
07/06/2009 20:50,-0.01077973,0.025507336,0.150785467,0.092225872,,
08/06/2009 08:50,0.004657054,0.016505064,0.172810352,0.152070865,,
08/06/2009 20:50,0.016544681,0.00825215,0.120103434,0.033374338,,
09/06/2009 08:50,0.039192029,0.007604706,0.016164816,0.049345044,,
09/06/2009 20:50,0.047544701,0.000782847,0.08799323,-0.203195253,,
10/06/2009 08:50,-0.020182171,-0.017031065,0.105357464,-0.035540361,,
10/06/2009 20:50,0.057934811,0.01406704,0.006130191,-0.28876783,,
11/06/2009 08:50,0.026293814,0.003022406,0.034313197,-0.094212411,,
11/06/2009 20:50,0.001599458,0.004306814,0.049579136,-0.038741048,,
12/06/2009 08:50,0.039826037,0.003051414,0.078658043,0.118472923,,
12/06/2009 20:50,-0.039209422,-0.015035745,0.072815603,0.21388106,,
13/06/2009 08:50,0.06145624,0.003814239,-0.009697097,-0.180439616,,
13/06/2009 20:50,-0.01710005,0.004736568,0.117354183,0.347869521,,
14/06/2009 08:50,-0.00785569,0.001501239,0.039866501,0.13374101,,
14/06/2009 20:50,0.012765571,-0.034658577,0.088119806,0.261555901,,
15/06/2009 08:50,0.043734969,0.017695548,0.009738911,-0.018549683,,
15/06/2009 20:50,0.071811157,0.015955778,0.065307996,0.152077823,,
16/06/2009 08:50,-0.037645168,-0.04357906,0.005082558,0.462914443,,
16/06/2009 20:50,0.12632764,0.001922159,0.063774793,-0.231532472,,
17/06/2009 08:50,0.058577839,0.020519237,0.033646525,0.070096258,,
18/06/2009 08:50,0.030596085,-0.002914555,0.083694126,0.277098765,,
18/06/2009 20:50,-0.003784909,-0.015855206,-0.033151919,-0.160063349,,
19/06/2009 08:50,0.02515528,0.016623945,0.005775952,-0.12603364,,
19/06/2009 20:50,-0.05006991,-0.023961951,0.074368483,0.346156141,,
20/06/2009 08:50,-0.005440492,0.026599974,0.039820703,-0.038024622,,
20/06/2009 20:50,0.063268627,0.020754508,0.046201352,-0.109789595,,
21/06/2009 08:50,-0.012771906,-0.024528987,0.090549356,0.263668652,,
21/06/2009 20:50,0.058714176,0.018283741,0.052832909,-0.087727199,,
22/06/2009 08:50,-0.001766405,0.026037491,0.040166997,0.041615091,,
22/06/2009 20:50,0.04093276,0.005612417,0.043799623,0.173090667,,
23/06/2009 08:50,0.026272872,0.046342041,0.01013356,-0.110172468,,
23/06/2009 20:50,-0.012931236,-0.028602193,0.060517224,0.369009445,,
24/06/2009 08:50,0.034636142,0.008897039,-0.012558466,-0.0879394,,
24/06/2009 20:50,0.025199946,0.015827744,0.047243861,0.031023987,,
25/06/2009 08:50,0.017333255,0.008693385,0.023242147,0.056522403,,
25/06/2009 20:50,0.061709468,-0.02346668,0.054599879,0.461804785,,
26/06/2009 08:50,-0.023806573,0.022820314,0.133248464,0.101978267,,
26/06/2009 20:50,0.006322383,-0.028619105,0.027422029,0.035813339,,
27/06/2009 08:50,0.015385099,-0.026229483,0.076572204,0.263597375,,
27/06/2009 20:50,0.023587864,-0.001257641,-0.002865765,0.115195923,,
28/06/2009 08:50,0.002096705,-0.010899643,0.090703574,0.075816517,,
28/06/2009 20:50,0.054005954,-0.001985103,0.057230824,0.07846786,,
29/06/2009 08:50,-0.065147953,-0.046466594,0.046234099,0.032153591,,
29/06/2009 20:50,-0.007683924,-0.00384987,0.049461041,-0.195529312,,
30/06/2009 08:50,0.00313605,-0.030796892,0.032240751,0.073691838,,
30/06/2009 20:50,0.001533307,-0.008835437,-0.055281289,0.214051067,,
01/07/2009 08:50,-0.010618768,-0.00900062,-0.019514801,-0.026099566,,
01/07/2009 20:50,-0.005383484,0.001388132,-0.042609892,0.001111797,,
02/07/2009 08:50,-0.000223363,-0.009197908,0.026202147,0.069550698,,
02/07/2009 20:50,0.017846512,-0.00441969,-0.001835184,0.025619229,,
03/07/2009 08:50,-0.013062823,0.013744931,-0.012579988,0.090450523,,
03/07/2009 20:50,-0.000414298,-0.010624496,0.011831893,-0.052617833,,
04/07/2009 08:50,0.016926689,0.005609048,0.048613695,-0.037459518,,
04/07/2009 20:50,-0.035307566,0.015940915,-0.061124554,0.071168581,,
05/07/2009 08:50,0.026312741,0.003217021,0.022253377,-0.018265234,,
05/07/2009 20:50,0.00126479,0.000100638,-0.057274004,-0.036277597,,
06/07/2009 08:50,0.017841505,0.029039126,0.133252604,0.090320109,,
06/07/2009 20:50,-0.012202072,0.006022713,0.077930095,0.036055916,,
08/07/2009 13:07,0.034740345,-0.00781287,0.167243141,0.393522259,,
09/07/2009 01:07,-0.005396594,-0.005132107,0.000677074,0.103871266,,
09/07/2009 13:07,-0.010897761,0.040086537,-0.019292099,-0.245503511,,
10/07/2009 01:07,0.020319871,-0.043217848,0.074318455,0.00654198,,
10/07/2009 13:07,0.129269035,-0.038286722,-0.066164252,0.459673567,,
11/07/2009 01:07,0.063206605,0.040243653,0.105946936,0.2412197,,
13/07/2009 13:07,0.003962447,0.022936924,0.114431468,0.365751199,,
14/07/2009 01:07,0.042604417,-0.009701942,-0.018943843,-0.062927051,,
14/07/2009 13:07,-0.004285459,-0.015870803,0.024242865,-0.004411579,,
15/07/2009 01:07,0.014915145,-0.010514401,0.02544307,0.517753409,,
15/07/2009 13:07,-0.010181702,-0.022371159,-0.038522077,0.186029664,,
16/07/2009 01:07,0.02292159,0.008314277,0.055711069,-0.087387804,,
16/07/2009 13:07,-0.039553033,-0.016353825,0.030221721,-0.192562146,,
17/07/2009 01:07,0.011492709,0.005246176,0.061070148,0.248628019,,
17/07/2009 13:07,0.044827371,0.002212903,0.050159872,-0.01093739,,
20/07/2009 01:07,0.03775255,0.011619419,0.080314296,-0.533093315,,
20/07/2009 13:07,0.004308001,-0.012919113,0.03569397,-0.084320114,,
21/07/2009 01:07,0.011411386,-0.019408263,0.110095746,0.067147094,,
21/07/2009 13:07,-0.050564472,-0.055144045,0.026882837,0.049840767,,
22/07/2009 13:07,0.013563913,-0.005223709,0.049281536,0.174393695,,
23/07/2009 01:07,0.025280209,0.001368178,0.002175914,0.162473559,,
23/07/2009 13:07,0.008135631,-0.04080491,-0.040111934,0.070295796,,
24/07/2009 01:07,0.043247801,0.028021197,0.031303706,-0.192426827,,
24/07/2009 13:07,0.021968581,-0.022558521,-0.005203185,-0.040028423,,
25/07/2009 01:07,0.005667728,0.011512921,0.047582292,0.235253613,,
